﻿Email,Domin,Country 
******************tiaq@pta.gov.pk,pta.gov.pk,Pakistan
******************leem@hec.gov.pk,hec.gov.pk,Pakistan
******************ain@secp.gov.pk,secp.gov.pk,Pakistan
******************resident.gov.pk,president.gov.pk,Pakistan
******************e@pakboi.gov.pk,pakboi.gov.pk,Pakistan
******************ah@nadra.gov.pk,nadra.gov.pk,Pakistan
******************rman@hec.gov.pk,hec.gov.pk,Pakistan
******************eed@pcre.gov.pk,pcre.gov.pk,Pakistan
******************in@nadra.gov.pk,nadra.gov.pk,Pakistan
******************an@nadra.gov.pk,nadra.gov.pk,Pakistan
******************al@nadra.gov.pk,nadra.gov.pk,Pakistan
******************ra@nadra.gov.pk,nadra.gov.pk,Pakistan
******************n@punjab.gov.pk,punjab.gov.pk,Pakistan
******************afiq@hec.gov.pk,hec.gov.pk,Pakistan
******************az@pemra.gov.pk,pemra.gov.pk,Pakistan
******************ima@secp.gov.pk,secp.gov.pk,Pakistan
******************01@nadra.gov.pk,nadra.gov.pk,Pakistan
******************tar@tdap.gov.pk,tdap.gov.pk,Pakistan
******************ved@secp.gov.pk,secp.gov.pk,Pakistan
******************sar@tdap.gov.pk,tdap.gov.pk,Pakistan
******************l@punjab.gov.pk,punjab.gov.pk,Pakistan
******************tif@tdap.gov.pk,tdap.gov.pk,Pakistan
******************ali@secp.gov.pk,secp.gov.pk,Pakistan
******************pk@e.fbr.gov.pk,e.fbr.gov.pk,Pakistan
******************han@jobs.gov.pk,jobs.gov.pk,Pakistan
******************rar@secp.gov.pk,secp.gov.pk,Pakistan
******************sa@iap.gov.pk,iap.gov.pk,Pakistan
******************tgt@bisp.gov.pk,bisp.gov.pk,Pakistan
******************ani@pitb.gov.pk,pitb.gov.pk,Pakistan
******************waz@eobi.gov.pk,eobi.gov.pk,Pakistan
******************shi@tdap.gov.pk,tdap.gov.pk,Pakistan
******************s@punjab.gov.pk,punjab.gov.pk,Pakistan
******************zdar@hec.gov.pk,hec.gov.pk,Pakistan
******************ahmad@cc.gov.pk,cc.gov.pk,Pakistan
******************smin@fbr.gov.pk,fbr.gov.pk,Pakistan
******************abir@pta.gov.pk,pta.gov.pk,Pakistan
******************ali@erra.gov.pk,erra.gov.pk,Pakistan
******************ah@nadra.gov.pk,nadra.gov.pk,Pakistan
******************har@tdap.gov.pk,tdap.gov.pk,Pakistan
******************rani@hec.gov.pk,hec.gov.pk,Pakistan
******************o@pastic.gov.pk,pastic.gov.pk,Pakistan
******************heed@pta.gov.pk,pta.gov.pk,Pakistan
******************ana@tdap.gov.pk,tdap.gov.pk,Pakistan
******************taf@erra.gov.pk,erra.gov.pk,Pakistan
******************ali@secp.gov.pk,secp.gov.pk,Pakistan
******************qui@tdap.gov.pk,tdap.gov.pk,Pakistan
******************jid@ppib.gov.pk,ppib.gov.pk,Pakistan
******************ad@nadra.gov.pk,nadra.gov.pk,Pakistan
******************ckpunjab.gov.pk,livestockpunjab.gov.pk,Pakistan
******************sami@pbc.gov.pk,pbc.gov.pk,Pakistan
******************al@nadra.gov.pk,nadra.gov.pk,Pakistan
******************kbar@hec.gov.pk,hec.gov.pk,Pakistan
******************har@tdap.gov.pk,tdap.gov.pk,Pakistan
******************tafa@hec.gov.pk,hec.gov.pk,Pakistan
******************hmi@secp.gov.pk,secp.gov.pk,Pakistan
******************tti@tdap.gov.pk,tdap.gov.pk,Pakistan
******************eem@jobs.gov.pk,jobs.gov.pk,Pakistan
******************n@punjab.gov.pk,punjab.gov.pk,Pakistan
******************hir@secp.gov.pk,secp.gov.pk,Pakistan
******************03@nadra.gov.pk,nadra.gov.pk,Pakistan
******************med@piac.gov.pk,piac.gov.pk,Pakistan
******************ikh@tdap.gov.pk,tdap.gov.pk,Pakistan
******************hah@nwfp.gov.pk,nwfp.gov.pk,Pakistan
******************mad@eobi.gov.pk,eobi.gov.pk,Pakistan
******************mood@hec.gov.pk,hec.gov.pk,Pakistan
******************rali@ath.gov.pk,ath.gov.pk,Pakistan
******************eb@fm101.gov.pk,fm101.gov.pk,Pakistan
******************emon@hec.gov.pk,hec.gov.pk,Pakistan
******************q@senate.gov.pk,senate.gov.pk,Pakistan
******************hzad@csd.gov.pk,csd.gov.pk,Pakistan
******************yed@tdap.gov.pk,tdap.gov.pk,Pakistan
******************ser@tdap.gov.pk,tdap.gov.pk,Pakistan
******************mad@erra.gov.pk,erra.gov.pk,Pakistan
******************bbir@pta.gov.pk,pta.gov.pk,Pakistan
******************ider@hec.gov.pk,hec.gov.pk,Pakistan
******************ndpunjab.gov.pk,pndpunjab.gov.pk,Pakistan
******************och@eobi.gov.pk,eobi.gov.pk,Pakistan
******************ad@pifra.gov.pk,pifra.gov.pk,Pakistan
******************@suparco.gov.pk,suparco.gov.pk,Pakistan
******************suer@sed.gov.pk,sed.gov.pk,Pakistan
******************ch@lesco.gov.pk,lesco.gov.pk,Pakistan
******************shed@hec.gov.pk,hec.gov.pk,Pakistan
******************user@sed.gov.pk,sed.gov.pk,Pakistan
******************lishment.gov.pk,establishment.gov.pk,Pakistan
******************is@wapda.gov.pk,wapda.gov.pk,Pakistan
******************fsd@tdap.gov.pk,tdap.gov.pk,Pakistan
******************r@punjab.gov.pk,punjab.gov.pk,Pakistan
******************eer@ljcp.gov.pk,ljcp.gov.pk,Pakistan
******************rooq@hec.gov.pk,hec.gov.pk,Pakistan
******************ch@desto.gov.pk,desto.gov.pk,Pakistan
******************business.gov.pk,agribusiness.gov.pk,Pakistan
******************hir@erra.gov.pk,erra.gov.pk,Pakistan
******************r@punjab.gov.pk,punjab.gov.pk,Pakistan
******************rmis@pof.gov.pk,pof.gov.pk,Pakistan
******************h@punjab.gov.pk,punjab.gov.pk,Pakistan
******************khan@hec.gov.pk,hec.gov.pk,Pakistan
******************ager@ntp.gov.pk,ntp.gov.pk,Pakistan
******************rrr@ndma.gov.pk,ndma.gov.pk,Pakistan
******************@paknavy.gov.pk,paknavy.gov.pk,Pakistan
******************n@punjab.gov.pk,punjab.gov.pk,Pakistan
******************n@punjab.gov.pk,punjab.gov.pk,Pakistan
******************seen@ntp.gov.pk,ntp.gov.pk,Pakistan
******************dps@ecp.gov.pk,ecp.gov.pk,Pakistan
******************gspr@fbr.gov.pk,fbr.gov.pk,Pakistan
******************veer@pta.gov.pk,pta.gov.pk,Pakistan
******************hr@lesco.gov.pk,lesco.gov.pk,Pakistan
******************n@punjab.gov.pk,punjab.gov.pk,Pakistan
******************dhpolice.gov.pk,sindhpolice.gov.pk,Pakistan
******************ood@eobi.gov.pk,eobi.gov.pk,Pakistan
******************qvi@tdap.gov.pk,tdap.gov.pk,Pakistan
******************dr1@ndma.gov.pk,ndma.gov.pk,Pakistan
******************dg@fdma.gov.pk,fdma.gov.pk,Pakistan
******************s@punjab.gov.pk,punjab.gov.pk,Pakistan
******************df@hec.gov.pk,hec.gov.pk,Pakistan
******************ckpunjab.gov.pk,livestockpunjab.gov.pk,Pakistan
******************uqir@edb.gov.pk,edb.gov.pk,Pakistan
******************am@nadra.gov.pk,nadra.gov.pk,Pakistan
******************an@nibaf.gov.pk,nibaf.gov.pk,Pakistan
******************mad@secp.gov.pk,secp.gov.pk,Pakistan
******************iris.fbr.gov.pk,iris.fbr.gov.pk,Pakistan
******************ckpunjab.gov.pk,livestockpunjab.gov.pk,Pakistan
******************hwar@hec.gov.pk,hec.gov.pk,Pakistan
******************irdc@sco.gov.pk,sco.gov.pk,Pakistan
******************dood@hec.gov.pk,hec.gov.pk,Pakistan
******************orit@ecp.gov.pk,ecp.gov.pk,Pakistan
******************w@punjab.gov.pk,punjab.gov.pk,Pakistan
******************ahir@pta.gov.pk,pta.gov.pk,Pakistan
******************rwnw@sco.gov.pk,sco.gov.pk,Pakistan
******************llah@hec.gov.pk,hec.gov.pk,Pakistan
******************ons@pdma.gov.pk,pdma.gov.pk,Pakistan
******************das@sed.gov.pk,sed.gov.pk,Pakistan
******************ckpunjab.gov.pk,livestockpunjab.gov.pk,Pakistan
******************eb@e.fbr.gov.pk,e.fbr.gov.pk,Pakistan
******************shah@hec.gov.pk,hec.gov.pk,Pakistan
******************ood@secp.gov.pk,secp.gov.pk,Pakistan
******************med@eobi.gov.pk,eobi.gov.pk,Pakistan
******************n@punjab.gov.pk,punjab.gov.pk,Pakistan
******************port@pof.gov.pk,pof.gov.pk,Pakistan
******************KI@e.fbr.gov.pk,e.fbr.gov.pk,Pakistan
******************.sed@sed.gov.pk,sed.gov.pk,Pakistan
******************ani@eobi.gov.pk,eobi.gov.pk,Pakistan
******************ews@tdap.gov.pk,tdap.gov.pk,Pakistan
******************alw@ppib.gov.pk,ppib.gov.pk,Pakistan
******************achicity.gov.pk,karachicity.gov.pk,Pakistan
******************@isb.hec.gov.pk,isb.hec.gov.pk,Pakistan
******************eef@secp.gov.pk,secp.gov.pk,Pakistan
******************man@erra.gov.pk,erra.gov.pk,Pakistan
******************IW@e.fbr.gov.pk,e.fbr.gov.pk,Pakistan
******************iris.fbr.gov.pk,iris.fbr.gov.pk,Pakistan
******************wali@hec.gov.pk,hec.gov.pk,Pakistan
******************had@secp.gov.pk,secp.gov.pk,Pakistan
******************on@nibaf.gov.pk,nibaf.gov.pk,Pakistan
******************ridi@ipo.gov.pk,ipo.gov.pk,Pakistan
******************r@punjab.gov.pk,punjab.gov.pk,Pakistan
******************ah@nadra.gov.pk,nadra.gov.pk,Pakistan
******************ool@tdap.gov.pk,tdap.gov.pk,Pakistan
******************hid@erra.gov.pk,erra.gov.pk,Pakistan
******************KI@e.fbr.gov.pk,e.fbr.gov.pk,Pakistan
******************umar@hec.gov.pk,hec.gov.pk,Pakistan
******************ah@nadra.gov.pk,nadra.gov.pk,Pakistan
******************er@nadra.gov.pk,nadra.gov.pk,Pakistan
******************man@secp.gov.pk,secp.gov.pk,Pakistan
******************asi@tdap.gov.pk,tdap.gov.pk,Pakistan
******************lfi@jobs.gov.pk,jobs.gov.pk,Pakistan
******************id@nadra.gov.pk,nadra.gov.pk,Pakistan
******************har@ljcp.gov.pk,ljcp.gov.pk,Pakistan
******************an@nadra.gov.pk,nadra.gov.pk,Pakistan
******************npakarmy.gov.pk,joinpakarmy.gov.pk,Pakistan
******************med@secp.gov.pk,secp.gov.pk,Pakistan
******************p@punjab.gov.pk,punjab.gov.pk,Pakistan
******************hla@erra.gov.pk,erra.gov.pk,Pakistan
******************mohtasib.gov.pk,bankingmohtasib.gov.pk,Pakistan
******************khan@edb.gov.pk,edb.gov.pk,Pakistan
******************ah1@jobs.gov.pk,jobs.gov.pk,Pakistan
******************n@punjab.gov.pk,punjab.gov.pk,Pakistan
******************ar@nadra.gov.pk,nadra.gov.pk,Pakistan
******************unaz@hec.gov.pk,hec.gov.pk,Pakistan
******************d@punjab.gov.pk,punjab.gov.pk,Pakistan
******************d@sports.gov.pk,sports.gov.pk,Pakistan
******************yyaz@pta.gov.pk,pta.gov.pk,Pakistan
******************ob@nadra.gov.pk,nadra.gov.pk,Pakistan
******************ni@nadra.gov.pk,nadra.gov.pk,Pakistan
******************ro@nadra.gov.pk,nadra.gov.pk,Pakistan
******************lah@pdma.gov.pk,pdma.gov.pk,Pakistan
******************asi@secp.gov.pk,secp.gov.pk,Pakistan
******************hah@jobs.gov.pk,jobs.gov.pk,Pakistan
******************.khi@fbr.gov.pk,fbr.gov.pk,Pakistan
******************.fsd@fia.gov.pk,fia.gov.pk,Pakistan
******************bbas@hec.gov.pk,hec.gov.pk,Pakistan
******************ider@hec.gov.pk,hec.gov.pk,Pakistan
******************so123@yahoo.com,yahoo.com,Pakistan
******************al@nadra.gov.pk,nadra.gov.pk,Pakistan
******************an@pemra.gov.pk,pemra.gov.pk,Pakistan
******************eed@secp.gov.pk,secp.gov.pk,Pakistan
******************jad@secp.gov.pk,secp.gov.pk,Pakistan
******************eem@eobi.gov.pk,eobi.gov.pk,Pakistan
****************** Accessing File,,Pakistan
****************** Accessing File,,Pakistan
******************hid@tdap.gov.pk,tdap.gov.pk,Pakistan
******************eedi@hec.gov.pk,hec.gov.pk,Pakistan
******************rooq@pta.gov.pk,pta.gov.pk,Pakistan
******************amil@edb.gov.pk,edb.gov.pk,Pakistan
******************ed@nadra.gov.pk,nadra.gov.pk,Pakistan
******************adi@ndra.gov.pk,ndra.gov.pk,Pakistan
******************nwar@hec.gov.pk,hec.gov.pk,Pakistan
******************ha@nadra.gov.pk,nadra.gov.pk,Pakistan
******************shad@sop.gov.pk,sop.gov.pk,Pakistan
******************qi@pemra.gov.pk,pemra.gov.pk,Pakistan
******************sain@hec.gov.pk,hec.gov.pk,Pakistan
******************aad@jobs.gov.pk,jobs.gov.pk,Pakistan
******************ion@eobi.gov.pk,eobi.gov.pk,Pakistan
******************lali@hec.gov.pk,hec.gov.pk,Pakistan
******************borsindh.gov.pk,borsindh.gov.pk,Pakistan
******************ting@pof.gov.pk,pof.gov.pk,Pakistan
******************prasindh.gov.pk,pprasindh.gov.pk,Pakistan
******************od@pemra.gov.pk,pemra.gov.pk,Pakistan
******************BAIG@edb.gov.pk,edb.gov.pk,Pakistan
******************d@vehari.gov.pk,vehari.gov.pk,Pakistan
******************tif@pdma.gov.pk,pdma.gov.pk,Pakistan
******************ah@nadra.gov.pk,nadra.gov.pk,Pakistan
******************an@pifra.gov.pk,pifra.gov.pk,Pakistan
******************ad@nadra.gov.pk,nadra.gov.pk,Pakistan
******************zar@jobs.gov.pk,jobs.gov.pk,Pakistan
******************di@nadra.gov.pk,nadra.gov.pk,Pakistan
******************sha@secp.gov.pk,secp.gov.pk,Pakistan
******************ique@fbr.gov.pk,fbr.gov.pk,Pakistan
******************ion@eobi.gov.pk,eobi.gov.pk,Pakistan
******************ion@eobi.gov.pk,eobi.gov.pk,Pakistan
******************ir@nadra.gov.pk,nadra.gov.pk,Pakistan
******************an@nadra.gov.pk,nadra.gov.pk,Pakistan
******************ms@psf.gov.pk,psf.gov.pk,Pakistan
******************slam@hec.gov.pk,hec.gov.pk,Pakistan
******************ddus@hec.gov.pk,hec.gov.pk,Pakistan
******************123@jobs.gov.pk,jobs.gov.pk,Pakistan
******************khan@hec.gov.pk,hec.gov.pk,Pakistan
******************ahi@tdap.gov.pk,tdap.gov.pk,Pakistan
******************08@nadra.gov.pk,nadra.gov.pk,Pakistan
******************een@erra.gov.pk,erra.gov.pk,Pakistan
******************ali@tdap.gov.pk,tdap.gov.pk,Pakistan
******************mzan@pta.gov.pk,pta.gov.pk,Pakistan
******************hi@nadra.gov.pk,nadra.gov.pk,Pakistan
******************khan@hec.gov.pk,hec.gov.pk,Pakistan
******************hmed@pof.gov.pk,pof.gov.pk,Pakistan
******************san@secp.gov.pk,secp.gov.pk,Pakistan
******************saf@eobi.gov.pk,eobi.gov.pk,Pakistan
******************od@nadra.gov.pk,nadra.gov.pk,Pakistan
******************an@nadra.gov.pk,nadra.gov.pk,Pakistan
******************ed@pifra.gov.pk,pifra.gov.pk,Pakistan
******************mil@secp.gov.pk,secp.gov.pk,Pakistan
******************awar@pta.gov.pk,pta.gov.pk,Pakistan
******************ink@ppib.gov.pk,ppib.gov.pk,Pakistan
******************dal@eobi.gov.pk,eobi.gov.pk,Pakistan
******************asir@pta.gov.pk,pta.gov.pk,Pakistan
******************id@nadra.gov.pk,nadra.gov.pk,Pakistan
******************l@punjab.gov.pk,punjab.gov.pk,Pakistan
******************us@moitt.gov.pk,moitt.gov.pk,Pakistan
******************ed@nadra.gov.pk,nadra.gov.pk,Pakistan
******************r@senate.gov.pk,senate.gov.pk,Pakistan
******************zwan@hec.gov.pk,hec.gov.pk,Pakistan
******************shah@hec.gov.pk,hec.gov.pk,Pakistan
******************id@nadra.gov.pk,nadra.gov.pk,Pakistan
******************eer@tdap.gov.pk,tdap.gov.pk,Pakistan
******************doec@oec.gov.pk,oec.gov.pk,Pakistan
******************Mal@tdap.gov.pk,tdap.gov.pk,Pakistan
******************sim@secp.gov.pk,secp.gov.pk,Pakistan
******************al@nadra.gov.pk,nadra.gov.pk,Pakistan
******************tch3@hec.gov.pk,hec.gov.pk,Pakistan
******************@isb.hec.gov.pk,isb.hec.gov.pk,Pakistan
******************bal@tdap.gov.pk,tdap.gov.pk,Pakistan
******************asar@hec.gov.pk,hec.gov.pk,Pakistan
******************em@nadra.gov.pk,nadra.gov.pk,Pakistan
******************eem@erra.gov.pk,erra.gov.pk,Pakistan
******************khan@hec.gov.pk,hec.gov.pk,Pakistan
******************tti@ipdf.gov.pk,ipdf.gov.pk,Pakistan
******************oia@cc.gov.pk,cc.gov.pk,Pakistan
******************@suparco.gov.pk,suparco.gov.pk,Pakistan
******************riaz@pta.gov.pk,pta.gov.pk,Pakistan
******************iaz@ipdf.gov.pk,ipdf.gov.pk,Pakistan
******************zhar@hec.gov.pk,hec.gov.pk,Pakistan
******************asim@fbr.gov.pk,fbr.gov.pk,Pakistan
******************an@nadra.gov.pk,nadra.gov.pk,Pakistan
******************op@nadra.gov.pk,nadra.gov.pk,Pakistan
******************heed@ntp.gov.pk,ntp.gov.pk,Pakistan
******************mad@jobs.gov.pk,jobs.gov.pk,Pakistan
******************mil@erra.gov.pk,erra.gov.pk,Pakistan
******************eb@nadra.gov.pk,nadra.gov.pk,Pakistan
******************eer@secp.gov.pk,secp.gov.pk,Pakistan
******************wais@hec.gov.pk,hec.gov.pk,Pakistan
******************ni@nadra.gov.pk,nadra.gov.pk,Pakistan
******************awan@ntc.gov.pk,ntc.gov.pk,Pakistan
******************ali@eobi.gov.pk,eobi.gov.pk,Pakistan
******************is@lesco.gov.pk,lesco.gov.pk,Pakistan
******************lg@moitt.gov.pk,moitt.gov.pk,Pakistan
******************kmi@eobi.gov.pk,eobi.gov.pk,Pakistan
******************khan@hec.gov.pk,hec.gov.pk,Pakistan
******************asin@fto.gov.pk,fto.gov.pk,Pakistan
******************sin@ndma.gov.pk,ndma.gov.pk,Pakistan
******************unis@hec.gov.pk,hec.gov.pk,Pakistan
******************li@nadra.gov.pk,nadra.gov.pk,Pakistan
******************at@nadra.gov.pk,nadra.gov.pk,Pakistan
******************ad@nadra.gov.pk,nadra.gov.pk,Pakistan
******************ni@nadra.gov.pk,nadra.gov.pk,Pakistan
******************hmed@hec.gov.pk,hec.gov.pk,Pakistan
******************han@ipdf.gov.pk,ipdf.gov.pk,Pakistan
******************aeed@sed.gov.pk,sed.gov.pk,Pakistan
******************oon@tdap.gov.pk,tdap.gov.pk,Pakistan
******************ti@moitt.gov.pk,moitt.gov.pk,Pakistan
******************bi@nadra.gov.pk,nadra.gov.pk,Pakistan
******************bas@tdap.gov.pk,tdap.gov.pk,Pakistan
******************lyas@hec.gov.pk,hec.gov.pk,Pakistan
******************mad@secp.gov.pk,secp.gov.pk,Pakistan
******************han@tdap.gov.pk,tdap.gov.pk,Pakistan
******************ood@agpr.gov.pk,agpr.gov.pk,Pakistan
******************eer@secp.gov.pk,secp.gov.pk,Pakistan
******************ali@jobs.gov.pk,jobs.gov.pk,Pakistan
******************seer@sed.gov.pk,sed.gov.pk,Pakistan
******************ami@secp.gov.pk,secp.gov.pk,Pakistan
******************nir@erra.gov.pk,erra.gov.pk,Pakistan
******************eem@eobi.gov.pk,eobi.gov.pk,Pakistan
******************mc@ndma.gov.pk,ndma.gov.pk,Pakistan
******************maf@ndma.gov.pk,ndma.gov.pk,Pakistan
******************har@erra.gov.pk,erra.gov.pk,Pakistan
******************veed@pta.gov.pk,pta.gov.pk,Pakistan
******************eem@tdap.gov.pk,tdap.gov.pk,Pakistan
******************ma@pifra.gov.pk,pifra.gov.pk,Pakistan
******************ighcourt.gov.pk,sindhhighcourt.gov.pk,Pakistan
******************@suparco.gov.pk,suparco.gov.pk,Pakistan
******************ife@jobs.gov.pk,jobs.gov.pk,Pakistan
******************01@nadra.gov.pk,nadra.gov.pk,Pakistan
******************01@nadra.gov.pk,nadra.gov.pk,Pakistan
******************ali@secp.gov.pk,secp.gov.pk,Pakistan
******************ofar@hec.gov.pk,hec.gov.pk,Pakistan
******************03@nadra.gov.pk,nadra.gov.pk,Pakistan
******************mis@pof.gov.pk,pof.gov.pk,Pakistan
******************ttak@pta.gov.pk,pta.gov.pk,Pakistan
******************na@ecp.gov.pk,ecp.gov.pk,Pakistan
******************ngir@hec.gov.pk,hec.gov.pk,Pakistan
******************hal@secp.gov.pk,secp.gov.pk,Pakistan
******************ed@nadra.gov.pk,nadra.gov.pk,Pakistan
******************waz@ppib.gov.pk,ppib.gov.pk,Pakistan
******************angi@pta.gov.pk,pta.gov.pk,Pakistan
******************deem@hec.gov.pk,hec.gov.pk,Pakistan
******************mupunjab.gov.pk,pmupunjab.gov.pk,Pakistan
******************an@pifra.gov.pk,pifra.gov.pk,Pakistan
******************seem@hec.gov.pk,hec.gov.pk,Pakistan
******************mad@paec.gov.pk,paec.gov.pk,Pakistan
******************ar@nadra.gov.pk,nadra.gov.pk,Pakistan
******************raza@fbr.gov.pk,fbr.gov.pk,Pakistan
******************dil@fdma.gov.pk,fdma.gov.pk,Pakistan
******************dar@tdap.gov.pk,tdap.gov.pk,Pakistan
******************man@secp.gov.pk,secp.gov.pk,Pakistan
******************ltaf@hec.gov.pk,hec.gov.pk,Pakistan
******************ain@secp.gov.pk,secp.gov.pk,Pakistan
******************shmi@hec.gov.pk,hec.gov.pk,Pakistan
******************hani@hec.gov.pk,hec.gov.pk,Pakistan
******************yani@hec.gov.pk,hec.gov.pk,Pakistan
******************mon@tdap.gov.pk,tdap.gov.pk,Pakistan
******************emecourt.gov.pk,supremecourt.gov.pk,Pakistan
******************han@eobi.gov.pk,eobi.gov.pk,Pakistan
******************at@nadra.gov.pk,nadra.gov.pk,Pakistan
******************zoor@cda.gov.pk,cda.gov.pk,Pakistan
******************mon@tdap.gov.pk,tdap.gov.pk,Pakistan
******************ota@tdap.gov.pk,tdap.gov.pk,Pakistan
******************nis@tdap.gov.pk,tdap.gov.pk,Pakistan
******************san@erra.gov.pk,erra.gov.pk,Pakistan
******************dme@ndma.gov.pk,ndma.gov.pk,Pakistan
******************atif@hec.gov.pk,hec.gov.pk,Pakistan
******************dhr@ndma.gov.pk,ndma.gov.pk,Pakistan
******************amal@pta.gov.pk,pta.gov.pk,Pakistan
******************ar@nadra.gov.pk,nadra.gov.pk,Pakistan
******************han@tdap.gov.pk,tdap.gov.pk,Pakistan
******************amal@pof.gov.pk,pof.gov.pk,Pakistan
******************zada@hec.gov.pk,hec.gov.pk,Pakistan
******************han@tdap.gov.pk,tdap.gov.pk,Pakistan
******************neer@hec.gov.pk,hec.gov.pk,Pakistan
******************dad@tdap.gov.pk,tdap.gov.pk,Pakistan
******************ali@erra.gov.pk,erra.gov.pk,Pakistan
******************shed@hec.gov.pk,hec.gov.pk,Pakistan
******************ikh@eobi.gov.pk,eobi.gov.pk,Pakistan
******************hi@nadra.gov.pk,nadra.gov.pk,Pakistan
******************hman@hec.gov.pk,hec.gov.pk,Pakistan
******************khan@csd.gov.pk,csd.gov.pk,Pakistan
******************sain@hec.gov.pk,hec.gov.pk,Pakistan
******************lik@ipdf.gov.pk,ipdf.gov.pk,Pakistan
******************ops@eobi.gov.pk,eobi.gov.pk,Pakistan
******************mood@cda.gov.pk,cda.gov.pk,Pakistan
******************oos@tdap.gov.pk,tdap.gov.pk,Pakistan
******************eed@eobi.gov.pk,eobi.gov.pk,Pakistan
******************mjad@npo.gov.pk,npo.gov.pk,Pakistan
******************har@ipdf.gov.pk,ipdf.gov.pk,Pakistan
******************uit@pitb.gov.pk,pitb.gov.pk,Pakistan
******************li@nadra.gov.pk,nadra.gov.pk,Pakistan
******************haye@pta.gov.pk,pta.gov.pk,Pakistan
******************zaman@cc.gov.pk,cc.gov.pk,Pakistan
******************eed@secp.gov.pk,secp.gov.pk,Pakistan
******************01@nadra.gov.pk,nadra.gov.pk,Pakistan
******************khan@fco.gov.pk,fco.gov.pk,Pakistan
******************mupunjab.gov.pk,pmupunjab.gov.pk,Pakistan
******************han@secp.gov.pk,secp.gov.pk,Pakistan
******************as@nadra.gov.pk,nadra.gov.pk,Pakistan
******************har@pdma.gov.pk,pdma.gov.pk,Pakistan
******************njum@pta.gov.pk,pta.gov.pk,Pakistan
******************hir@eobi.gov.pk,eobi.gov.pk,Pakistan
******************khan@hec.gov.pk,hec.gov.pk,Pakistan
******************qat@erra.gov.pk,erra.gov.pk,Pakistan
******************fpsh@anf.gov.pk,anf.gov.pk,Pakistan
******************zaman@cc.gov.pk,cc.gov.pk,Pakistan
******************hman@hec.gov.pk,hec.gov.pk,Pakistan
******************ees@ppib.gov.pk,ppib.gov.pk,Pakistan
******************hmed@hec.gov.pk,hec.gov.pk,Pakistan
******************leh@tdap.gov.pk,tdap.gov.pk,Pakistan
******************htar@hec.gov.pk,hec.gov.pk,Pakistan
******************aiz@eobi.gov.pk,eobi.gov.pk,Pakistan
******************01@nadra.gov.pk,nadra.gov.pk,Pakistan
******************mecsindh.gov.pk,mecsindh.gov.pk,Pakistan
******************uet@jobs.gov.pk,jobs.gov.pk,Pakistan
******************hid@paec.gov.pk,paec.gov.pk,Pakistan
******************ion@eobi.gov.pk,eobi.gov.pk,Pakistan
******************ir@nadra.gov.pk,nadra.gov.pk,Pakistan
******************mohtasib.gov.pk,mohtasib.gov.pk,Pakistan
******************nwar@pta.gov.pk,pta.gov.pk,Pakistan
******************sali@hec.gov.pk,hec.gov.pk,Pakistan
******************mohtasib.gov.pk,bankingmohtasib.gov.pk,Pakistan
******************ad@nadra.gov.pk,nadra.gov.pk,Pakistan
******************01@nadra.gov.pk,nadra.gov.pk,Pakistan
******************ran@tdap.gov.pk,tdap.gov.pk,Pakistan
******************ali@tdap.gov.pk,tdap.gov.pk,Pakistan
******************bad@eobi.gov.pk,eobi.gov.pk,Pakistan
******************han@erra.gov.pk,erra.gov.pk,Pakistan
******************vez@secp.gov.pk,secp.gov.pk,Pakistan
******************sool@hec.gov.pk,hec.gov.pk,Pakistan
******************b@pakboi.gov.pk,pakboi.gov.pk,Pakistan
******************mupunjab.gov.pk,pmupunjab.gov.pk,Pakistan
******************ani@ipdf.gov.pk,ipdf.gov.pk,Pakistan
******************med@eobi.gov.pk,eobi.gov.pk,Pakistan
******************leem@csd.gov.pk,csd.gov.pk,Pakistan
******************707@jobs.gov.pk,jobs.gov.pk,Pakistan
******************slan@pta.gov.pk,pta.gov.pk,Pakistan
******************sim@pitb.gov.pk,pitb.gov.pk,Pakistan
******************ziz@ppib.gov.pk,ppib.gov.pk,Pakistan
******************rees@pta.gov.pk,pta.gov.pk,Pakistan
******************hir@eobi.gov.pk,eobi.gov.pk,Pakistan
******************abia@npo.gov.pk,npo.gov.pk,Pakistan
******************hir@ipdf.gov.pk,ipdf.gov.pk,Pakistan
******************yum@erra.gov.pk,erra.gov.pk,Pakistan
******************aque@hec.gov.pk,hec.gov.pk,Pakistan
******************03@nadra.gov.pk,nadra.gov.pk,Pakistan
******************man@secp.gov.pk,secp.gov.pk,Pakistan
******************ood@erra.gov.pk,erra.gov.pk,Pakistan
******************ar@nadra.gov.pk,nadra.gov.pk,Pakistan
******************zeem@pta.gov.pk,pta.gov.pk,Pakistan
******************hman@hec.gov.pk,hec.gov.pk,Pakistan
******************ed@nadra.gov.pk,nadra.gov.pk,Pakistan
******************di@moitt.gov.pk,moitt.gov.pk,Pakistan
******************ndpunjab.gov.pk,pndpunjab.gov.pk,Pakistan
******************eed@secp.gov.pk,secp.gov.pk,Pakistan
******************wan@eobi.gov.pk,eobi.gov.pk,Pakistan
******************ali@eobi.gov.pk,eobi.gov.pk,Pakistan
******************raza@hec.gov.pk,hec.gov.pk,Pakistan
******************ri@nadra.gov.pk,nadra.gov.pk,Pakistan
******************zeb@ndma.gov.pk,ndma.gov.pk,Pakistan
******************if@nadra.gov.pk,nadra.gov.pk,Pakistan
******************haq@secp.gov.pk,secp.gov.pk,Pakistan
******************mal@tdap.gov.pk,tdap.gov.pk,Pakistan
******************och@jobs.gov.pk,jobs.gov.pk,Pakistan
******************oom@tdap.gov.pk,tdap.gov.pk,Pakistan
******************d@punjab.gov.pk,punjab.gov.pk,Pakistan
******************aeed@pta.gov.pk,pta.gov.pk,Pakistan
******************ir@nadra.gov.pk,nadra.gov.pk,Pakistan
******************101@jobs.gov.pk,jobs.gov.pk,Pakistan
******************lil@bisp.gov.pk,bisp.gov.pk,Pakistan
******************idi@ppib.gov.pk,ppib.gov.pk,Pakistan
******************med@tdap.gov.pk,tdap.gov.pk,Pakistan
******************ilson@cc.gov.pk,cc.gov.pk,Pakistan
******************port@sco.gov.pk,sco.gov.pk,Pakistan
******************hzeb@iap.gov.pk,iap.gov.pk,Pakistan
******************gov.pk;jimowugu,erra.gov.pk;jimowugu,Pakistan
******************jab-prmp.gov.pk,punjab-prmp.gov.pk,Pakistan
******************a.gov.pk;340258,nadra.gov.pk;340258,Pakistan
******************.khan@yahoo.com,yahoo.com,Pakistan
******************zi@nadra.gov.pk,nadra.gov.pk,Pakistan
******************npakarmy.gov.pk,joinpakarmy.gov.pk,Pakistan
******************ema@secp.gov.pk,secp.gov.pk,Pakistan
******************rali@pta.gov.pk,pta.gov.pk,Pakistan
******************02@nadra.gov.pk,nadra.gov.pk,Pakistan
******************din@tdap.gov.pk,tdap.gov.pk,Pakistan
******************meed@pta.gov.pk,pta.gov.pk,Pakistan
******************ed@nadra.gov.pk,nadra.gov.pk,Pakistan
******************ar@nadra.gov.pk,nadra.gov.pk,Pakistan
******************zi@NADRA.GOV.PK,NADRA.GOV.PK,Pakistan
******************ov.pk;Abargutty,nadra.gov.pk;Abargutty,Pakistan
******************aid@jobs.gov.pk,jobs.gov.pk,Pakistan
******************azir@sco.gov.pk,sco.gov.pk,Pakistan
******************mit@jobs.gov.pk,jobs.gov.pk,Pakistan
******************shif@pbm.gov.pk,pbm.gov.pk,Pakistan
******************ndi@nr3c.gov.pk,nr3c.gov.pk,Pakistan
******************nida@hec.gov.pk,hec.gov.pk,Pakistan
******************hta@kp.gov.pk,kp.gov.pk,Pakistan
******************in@nadra.gov.pk,nadra.gov.pk,Pakistan
******************heed@npo.gov.pk,npo.gov.pk,Pakistan
******************gir@pitb.gov.pk,pitb.gov.pk,Pakistan
******************hmad@hec.gov.pk,hec.gov.pk,Pakistan
******************ghar@ecp.gov.pk,ecp.gov.pk,Pakistan
******************mub@paec.gov.pk,paec.gov.pk,Pakistan
******************hir@erra.gov.pk,erra.gov.pk,Pakistan
******************ion@eobi.gov.pk,eobi.gov.pk,Pakistan
******************ran@secp.gov.pk,secp.gov.pk,Pakistan
******************aud@erra.gov.pk,erra.gov.pk,Pakistan
******************awaz@pas.gov.pk,pas.gov.pk,Pakistan
******************sood@hec.gov.pk,hec.gov.pk,Pakistan
******************shah@hec.gov.pk,hec.gov.pk,Pakistan
******************sain@ead.gov.pk,ead.gov.pk,Pakistan
******************yoom@hec.gov.pk,hec.gov.pk,Pakistan
******************ail@tdap.gov.pk,tdap.gov.pk,Pakistan
******************cos@erra.gov.pk,erra.gov.pk,Pakistan
******************ikh@bisp.gov.pk,bisp.gov.pk,Pakistan
******************line@fbr.gov.pk,fbr.gov.pk,Pakistan
******************gov.pk;rdin5432,hec.gov.pk;rdin5432,Pakistan
******************gov.pk;975dff82,ncsw.gov.pk;975dff82,Pakistan
******************cp.gov.pk;Allah,secp.gov.pk;Allah,Pakistan
******************khan@hec.gov.pk,hec.gov.pk,Pakistan
******************.gov.pk;imiwill,jobs.gov.pk;imiwill,Pakistan
******************.pk;javed98cs08,hec.gov.pk;javed98cs08,Pakistan
******************gov.pk;2da5feb5,secp.gov.pk;2da5feb5,Pakistan
******************gov.pk;xUN3DRN8,pta.gov.pk;xUN3DRN8,Pakistan
******************gov.pk;Wt2YxVv6,pta.gov.pk;Wt2YxVv6,Pakistan
******************formanite57,senate.gov.pk,Pakistan
******************gulnaz56,hec.gov.pk,Pakistan
******************san@epza.gov.pk,epza.gov.pk,Pakistan
******************i@punjab.gov.pk,punjab.gov.pk,Pakistan
******************eed@tdap.gov.pk,tdap.gov.pk,Pakistan
******************aza@eobi.gov.pk,eobi.gov.pk,Pakistan
******************gah@tdap.gov.pk,tdap.gov.pk,Pakistan
******************p.gov.pk;614183,kp.gov.pk,Pakistan
******************sh.nadra.gov.pk,psh.nadra.gov.pk,Pakistan
******************_401@ntc.gov.pk,ntc.gov.pk,Pakistan
******************eer@jobs.gov.pk,jobs.gov.pk,Pakistan
******************ryar@epb.gov.pk,epb.gov.pk,Pakistan
******************zi@nibaf.gov.pk,nibaf.gov.pk,Pakistan
******************idi@secp.gov.pk,secp.gov.pk,Pakistan
******************bal@nr3c.gov.pk,nr3c.gov.pk,Pakistan
******************rar@pitb.gov.pk,pitb.gov.pk,Pakistan
******************05308@vu.gov.pk,vu.gov.pk,Pakistan
******************lid@army.gov.pk,army.gov.pk,Pakistan
******************4csb@sco.gov.pk,sco.gov.pk,Pakistan
******************khan@hec.gov.pk,hec.gov.pk,Pakistan
******************bani@hec.gov.pk,hec.gov.pk,Pakistan
******************qbal@hec.gov.pk,hec.gov.pk,Pakistan
******************zam@secp.gov.pk,secp.gov.pk,Pakistan
******************waz@eobi.gov.pk,eobi.gov.pk,Pakistan
******************sain@hec.gov.pk,hec.gov.pk,Pakistan
******************feez@cda.gov.pk,cda.gov.pk,Pakistan
******************ne@lesco.gov.pk,lesco.gov.pk,Pakistan
******************ali@secp.gov.pk,secp.gov.pk,Pakistan
******************al@nadra.gov.pk,nadra.gov.pk,Pakistan
******************.pk@hotmail.com,hotmail.com,Pakistan
******************02@nadra.gov.pk,nadra.gov.pk,Pakistan
******************ed@nadra.gov.pk,nadra.gov.pk,Pakistan
******************ov.pk@gmail.com,gmail.com,Pakistan
******************01@NADRA.GOV.PK,NADRA.GOV.PK,Pakistan
******************01@nadra.gov.pk,nadra.gov.pk,Pakistan
******************02@nadra.gov.pk,nadra.gov.pk,Pakistan
******************uali@hec.gov.pk,hec.gov.pk,Pakistan
******************aq@nadra.gov.pk,nadra.gov.pk,Pakistan
******************em@nadra.gov.pk,nadra.gov.pk,Pakistan
******************01@nadra.gov.pk,nadra.gov.pk,Pakistan
******************shid@hec.gov.pk,hec.gov.pk,Pakistan
******************01@nadra.gov.pk,nadra.gov.pk,Pakistan
******************eraz@hec.gov.pk,hec.gov.pk,Pakistan
******************hid@secp.gov.pk,secp.gov.pk,Pakistan
******************li@nadra.gov.pk,nadra.gov.pk,Pakistan
******************01@nadra.gov.pk,nadra.gov.pk,Pakistan
******************zaq@secp.gov.pk,secp.gov.pk,Pakistan
******************utt@secp.gov.pk,secp.gov.pk,Pakistan
******************yat@ipdf.gov.pk,ipdf.gov.pk,Pakistan
******************har@eobi.gov.pk,eobi.gov.pk,Pakistan
******************az@nadra.gov.pk,nadra.gov.pk,Pakistan
******************01@nadra.gov.pk,nadra.gov.pk,Pakistan
******************ajid@ecp.gov.pk,ecp.gov.pk,Pakistan
******************an@nadra.gov.pk,nadra.gov.pk,Pakistan
******************oseph@cc.gov.pk,cc.gov.pk,Pakistan
******************ch@nadra.gov.pk,nadra.gov.pk,Pakistan
******************ed2@secp.gov.pk,secp.gov.pk,Pakistan
******************n1@nadra.gov.pk,nadra.gov.pk,Pakistan
******************az@nadra.gov.pk,nadra.gov.pk,Pakistan
******************aiz@tdap.gov.pk,tdap.gov.pk,Pakistan
******************raz@secp.gov.pk,secp.gov.pk,Pakistan
******************han@erra.gov.pk,erra.gov.pk,Pakistan
******************am@moitt.gov.pk,moitt.gov.pk,Pakistan
******************i81@jobs.gov.pk,jobs.gov.pk,Pakistan
******************zal@secp.gov.pk,secp.gov.pk,Pakistan
******************pmnw@sco.gov.pk,sco.gov.pk,Pakistan
******************hah@tdap.gov.pk,tdap.gov.pk,Pakistan
******************business.gov.pk,agribusiness.gov.pk,Pakistan
******************har@tdap.gov.pk,tdap.gov.pk,Pakistan
******************s@minfal.gov.pk,minfal.gov.pk,Pakistan
******************al@nadra.gov.pk,nadra.gov.pk,Pakistan
******************aib@tdap.gov.pk,tdap.gov.pk,Pakistan
******************jali@hec.gov.pk,hec.gov.pk,Pakistan
******************business.gov.pk,agribusiness.gov.pk,Pakistan
******************ah@nadra.gov.pk,nadra.gov.pk,Pakistan
******************eem@tdap.gov.pk,tdap.gov.pk,Pakistan
******************tiq@ppmi.gov.pk,ppmi.gov.pk,Pakistan
******************z@pakboi.gov.pk,pakboi.gov.pk,Pakistan
******************r@pakboi.gov.pk,pakboi.gov.pk,Pakistan
******************lah@erra.gov.pk,erra.gov.pk,Pakistan
******************ar@nadra.gov.pk,nadra.gov.pk,Pakistan
******************ed@nadra.gov.pk,nadra.gov.pk,Pakistan
******************adri@shc.gov.pk,shc.gov.pk,Pakistan
******************man@secp.gov.pk,secp.gov.pk,Pakistan
******************der@tdap.gov.pk,tdap.gov.pk,Pakistan
******************ood@eobi.gov.pk,eobi.gov.pk,Pakistan
******************an@nadra.gov.pk,nadra.gov.pk,Pakistan
******************hfaq@nic.gov.pk,nic.gov.pk,Pakistan
******************an@nadra.gov.pk,nadra.gov.pk,Pakistan
******************01@nadra.gov.pk,nadra.gov.pk,Pakistan
******************al@nadra.gov.pk,nadra.gov.pk,Pakistan
******************brar@pta.gov.pk,pta.gov.pk,Pakistan
******************rsw@nwfp.gov.pk,nwfp.gov.pk,Pakistan
******************khan@hec.gov.pk,hec.gov.pk,Pakistan
******************lvi@eobi.gov.pk,eobi.gov.pk,Pakistan
******************yoom@npo.gov.pk,npo.gov.pk,Pakistan
******************05@nadra.gov.pk,nadra.gov.pk,Pakistan
******************jum@tdap.gov.pk,tdap.gov.pk,Pakistan
****************** Accessing File,,Pakistan
******************ubi@eobi.gov.pk,eobi.gov.pk,Pakistan
******************mal@tdap.gov.pk,tdap.gov.pk,Pakistan
******************huho@epb.gov.pk,epb.gov.pk,Pakistan
******************ssan@pta.gov.pk,pta.gov.pk,Pakistan
******************FAR@ppib.gov.pk,ppib.gov.pk,Pakistan
******************tool@hec.gov.pk,hec.gov.pk,Pakistan
******************mupunjab.gov.pk,pmupunjab.gov.pk,Pakistan
******************wkrwp@yahoo.com,yahoo.com,Pakistan
******************iq@nadra.gov.pk,nadra.gov.pk,Pakistan
******************vernment.gov.pk,e-government.gov.pk,Pakistan
******************ov.pk@gmail.com,gmail.com,Pakistan
******************tafa@pta.gov.pk,pta.gov.pk,Pakistan
******************oli@jobs.gov.pk,jobs.gov.pk,Pakistan
******************@jobs.gov.pkcom,jobs.gov.pkcom,Pakistan
******************mpk@jobs.gov.pk,jobs.gov.pk,Pakistan
******************qu@nadra.gov.pk,nadra.gov.pk,Pakistan
******************san@jobs.gov.pk,jobs.gov.pk,Pakistan
******************lid@jobs.gov.pk,jobs.gov.pk,Pakistan
******************isor@hec.gov.pk,hec.gov.pk,Pakistan
******************tcp@tcp.gov.pk,tcp.gov.pk,Pakistan
******************v.pk@interia.pl,interia.pl,Pakistan
******************v.pk@interia.pl,interia.pl,Pakistan
******************ov.pk@yahoo.com,yahoo.com,Pakistan
******************lam@secp.gov.pk,secp.gov.pk,Pakistan
******************ov.pk@yahoo.com,yahoo.com,Pakistan
******************at@nadra.gov.pk,nadra.gov.pk,Pakistan
******************i@pakboi.gov.pk,pakboi.gov.pk,Pakistan
******************sain@pta.gov.pk,pta.gov.pk,Pakistan
******************fiaz@pta.gov.pk,pta.gov.pk,Pakistan
******************zada@hec.gov.pk,hec.gov.pk,Pakistan
******************bar@secp.gov.pk,secp.gov.pk,Pakistan
******************OCOL@bhc.gov.pk,bhc.gov.pk,Pakistan
******************llah@ipo.gov.pk,ipo.gov.pk,Pakistan
******************zmi@eobi.gov.pk,eobi.gov.pk,Pakistan
******************@savings.gov.pk,savings.gov.pk,Pakistan
******************shah@hec.gov.pk,hec.gov.pk,Pakistan
******************hail@pta.gov.pk,pta.gov.pk,Pakistan
******************man@epza.gov.pk,epza.gov.pk,Pakistan
******************ani@afic.gov.pk,afic.gov.pk,Pakistan
******************jum@secp.gov.pk,secp.gov.pk,Pakistan
******************ed@nadra.gov.pk,nadra.gov.pk,Pakistan
******************vez@erra.gov.pk,erra.gov.pk,Pakistan
******************war@eobi.gov.pk,eobi.gov.pk,Pakistan
******************amio@edb.gov.pk,edb.gov.pk,Pakistan
******************gha@secp.gov.pk,secp.gov.pk,Pakistan
******************man@erra.gov.pk,erra.gov.pk,Pakistan
******************idi@tdap.gov.pk,tdap.gov.pk,Pakistan
******************ion@eobi.gov.pk,eobi.gov.pk,Pakistan
******************SIM@ndma.gov.pk,ndma.gov.pk,Pakistan
******************shah@hec.gov.pk,hec.gov.pk,Pakistan
******************ov.pk@gmail.com,gmail.com,Pakistan
******************hah@ndma.gov.pk,ndma.gov.pk,Pakistan
******************assi@hec.gov.pk,hec.gov.pk,Pakistan
******************01@nadra.gov.pk,nadra.gov.pk,Pakistan
******************w@punjab.gov.pk,punjab.gov.pk,Pakistan
******************rfan@hec.gov.pk,hec.gov.pk,Pakistan
******************ali@eobi.gov.pk,eobi.gov.pk,Pakistan
******************jmal@pta.gov.pk,pta.gov.pk,Pakistan
******************asi@eobi.gov.pk,eobi.gov.pk,Pakistan
******************ian@tdap.gov.pk,tdap.gov.pk,Pakistan
******************mex@tdap.gov.pk,tdap.gov.pk,Pakistan
******************aich@hec.gov.pk,hec.gov.pk,Pakistan
******************ali@tdap.gov.pk,tdap.gov.pk,Pakistan
******************nst@mnch.gov.pk,mnch.gov.pk,Pakistan
******************ar@nadra.gov.pk,nadra.gov.pk,Pakistan
******************tar@tdap.gov.pk,tdap.gov.pk,Pakistan
******************khan@hec.gov.pk,hec.gov.pk,Pakistan
******************sir@ndma.gov.pk,ndma.gov.pk,Pakistan
******************and@tdap.gov.pk,tdap.gov.pk,Pakistan
******************cs@sindh.gov.pk,sindh.gov.pk,Pakistan
******************01@nadra.gov.pk,nadra.gov.pk,Pakistan
******************atti@hec.gov.pk,hec.gov.pk,Pakistan
******************basi@pta.gov.pk,pta.gov.pk,Pakistan
******************yali@hec.gov.pk,hec.gov.pk,Pakistan
******************zvi@tdap.gov.pk,tdap.gov.pk,Pakistan
******************n786@sco.gov.pk,sco.gov.pk,Pakistan
******************ad@nadra.gov.pk,nadra.gov.pk,Pakistan
******************qui@tdap.gov.pk,tdap.gov.pk,Pakistan
******************ltan@pta.gov.pk,pta.gov.pk,Pakistan
******************eed@eobi.gov.pk,eobi.gov.pk,Pakistan
******************hus@tdap.gov.pk,tdap.gov.pk,Pakistan
******************sif@secp.gov.pk,secp.gov.pk,Pakistan
******************@statpak.gov.pk,statpak.gov.pk,Pakistan
******************han@paec.gov.pk,paec.gov.pk,Pakistan
******************di@nadra.gov.pk,nadra.gov.pk,Pakistan
******************diq@eobi.gov.pk,eobi.gov.pk,Pakistan
******************loch@hec.gov.pk,hec.gov.pk,Pakistan
******************awar@pta.gov.pk,pta.gov.pk,Pakistan
******************sher@hec.gov.pk,hec.gov.pk,Pakistan
******************tisation.gov.pk,privatisation.gov.pk,Pakistan
******************san@tdap.gov.pk,tdap.gov.pk,Pakistan
******************ion@eobi.gov.pk,eobi.gov.pk,Pakistan
******************emon@hec.gov.pk,hec.gov.pk,Pakistan
******************ood@secp.gov.pk,secp.gov.pk,Pakistan
******************ah@nadra.gov.pk,nadra.gov.pk,Pakistan
******************an@nadra.gov.pk,nadra.gov.pk,Pakistan
******************mer@ppqp.gov.pk,ppqp.gov.pk,Pakistan
******************li@nadra.gov.pk,nadra.gov.pk,Pakistan
******************in@nibaf.gov.pk,nibaf.gov.pk,Pakistan
******************raja@hec.gov.pk,hec.gov.pk,Pakistan
******************otection.gov.pk,plantprotection.gov.pk,Pakistan
******************im@nadra.gov.pk,nadra.gov.pk,Pakistan
******************ion@eobi.gov.pk,eobi.gov.pk,Pakistan
******************so@ndma.gov.pk,ndma.gov.pk,Pakistan
******************jid@secp.gov.pk,secp.gov.pk,Pakistan
******************seem@hec.gov.pk,hec.gov.pk,Pakistan
******************ikram@cc.gov.pk,cc.gov.pk,Pakistan
******************amir@sco.gov.pk,sco.gov.pk,Pakistan
******************eb@lesco.gov.pk,lesco.gov.pk,Pakistan
******************ali@secp.gov.pk,secp.gov.pk,Pakistan
******************ikh@tdap.gov.pk,tdap.gov.pk,Pakistan
******************lah@pitb.gov.pk,pitb.gov.pk,Pakistan
******************eed@secp.gov.pk,secp.gov.pk,Pakistan
******************sdin@hec.gov.pk,hec.gov.pk,Pakistan
