,List of Government institutions ,
S.No,Institution,Code
1,Abandoned Properties Organization,101100001
2,Academy of Education Planning & Management,101100002
3,Agricultural Census Organization,101100003
4,"Agricultural Livestock Products, Marketing & Grading Department",101100004
5,Agricultural Prices Commission,101100005
6,Agricultural Research Division,101100006
7,Airports Security  Force,101100007
8,"Allama Iqbal Open University, Islamabad",101100008
9,Animal Quarantine Department,101100009
10,Anti Narcotics Force,101100010
11,"Applied Economics Research Centre, University of Karachi",101100011
12,Appropriate Technology Development Organisation,101100012
13,"Area Study Centre, Quaid-E-Azam University",101100013
14,"Area Study Centre, University of Balochistan",101100014
15,"Area Study Centre, University of Karachi",101100015
16,"Area Study Centre, University of Peshawar",101100016
17,"Area Study Centre, University of Punjab",101100017
18,"Area Study Centre, University of Sindh",101100018
19,"Pakistan Atomic Energy Commission, Islamabad",101100019
20,Auditor General of Pakistan,101100020
21,Authority For Preservation of Moenjodaro,101100021
22,Aviation Division,101100022
23,Azad Kashmir University,101100023
24,"Bahauddin Zakariya University, Multan",101100024
25,"Balochistan University, Quetta",101100025
26,"Banking & Finance Service Commission, Islamabad",101100026
27,"Board of Advancement of Literature, Lahore",101100027
28,Bureau of Emigration & Overseas Employment,101100028
29,Cabinet Division,101100029
30,Cabinet Secretariat,101100030
31,Cantt / Garrison Directorate,101100031
32,"Cement Research & Development Institute,Lahore",101100032
33,Central Board of Film Censors,101100033
34,Federal Board of Revenue,101100034
35,Central Bureau of Education,101100035
36,Central Copyright Office,101100036
37,Central Inspectorate of Mines,101100037
38,Central Jail Staff Training Institute,101100038
39,Central Testing Laboratories,101100039
40,"Centre For Clinical Psychology, Lahore",101100040
41,Centre of Clinical Biology,101100041
42,"Centre of Excellence in Analytical Chemistry, University of Sindh",101100042
43,"Centre of Excellence in Geology, Peshawar",101100043
44,Centre of Excellence in Labour Administration & Training,101100044
45,"Centre of Excellence in Mar-Biol, University of Karachi",101100045
46,"Centre of Excellence in Mines, University of Balochistan",101100046
47,"Centre of Excellence in Physical Chemistry, University of Peshawar",101100047
48,"Centre of Excellence in Solid State Physics, Punjab University",101100048
49,"Centre of Excellence in W/R Eng. University of Engineering, Lahore",101100049
50,"Chairman of Inter Board Committee, Islamabad",101100050
51,Chief Coordinator (R&R) and Chief Commissionerate Afghan Refugees,101100051
52,"Chief Coordinator of computerization (Customs, Central Excise & Sales Tax",101100052
53,Chief Coordinator of computerization (Income Tax),101100053
54,Chief Engineer Adviser/Chairman Flood Commission,101100054
55,Civil Defence Department,101100055
56,Civil Services Academy,101100056
57,Collectorates of Central Excise Duty,101100057
58,Collectorates of Customs,101100058
59,Collectorates of Sales Tax / Income Tax / Wealth Tax,101100059
60,College of Physicians & Paramedical Sciences,101100060
61,College of Physicians & Surgeons,101100061
62,"Commission For Islamization of Economy, Islamabad",101100062
63,Commissioners of Income Tax,101100063
64,"Computer Training Centre, Islamabad",101100064
65,Controller Air force Accounts,101100065
66,Controller Military Accounts,101100066
67,Controller Naval Accounts,101100067
68,Securities & Exchange Commission of Pakistan,101100068
69,Cotton Board,101100069
70,"Council of Islamic Ideology, Islamabad",101100070
71,Council of Works & Housing Research,101100071
72,Culture & Sports Division,101100072
73,"Curriculum Research & Development Centre, Lahore",101100073
74,Custodian of Enemy Property,101100074
75,Dawood College of Engineering & Technology,101100075
76,Defence Division,101100076
77,Department of Archaeology & Museums,101100077
78,Department of Archives,101100078
79,Department of Communication Security,101100079
80,Department Of Controller Of Insurance,101100080
81,Department of Explosives,101100081
82,Department of Libraries,101100082
83,Department of Petroleum and Energy Resources,101100083
84,Department of Plant Protection,101100084
85,Department of Shipping Control and Mercantile Marine,101100085
86,Department of Stationery & Forms,101100086
87,Department of Supplies,101100087
88,Department of Tourist Services,101100088
89,Director General of Food,101100089
90,Director General of Gas,101100090
91,Director General of Intelligence & Investigation (Customs & Excise),101100091
92,Director General of New & Renewable Energy Resources,101100092
93,Director General of Oil,101100093
94,Director General of Petroleum Concessions,101100094
95,Director General Staff Welfare,101100095
96,"Director General, Federal Seed Certification Department",101100096
97,"Director General, Fertilizer Imports Department",101100097
98,"Director General, Pakistan Forest Institute",101100098
99,Directorate of Accounts,101100099
100,Directorate of Central Health Establishment,101100100
101,Directorate of Films & Publications,101100101
102,Directorate of Malaria Control,101100102
103,Directorate of Research & Reference,101100103
104,Directorate of Research and Statistics,101100104
105,Directorate of T. B. Control,101100106
106,Directorate of Workers Education,101100107
107,Directorate of Works Education,101100108
108,Drug Abuse Prevention  Resource Centre,101100109
109,Economic Affairs Division,101100110
110,"Election Commission of Pakistan, Islamabad",101100111
111,Employees Old Age Benefit Institution,101100112
112,Energy Wing,101100113
113,Environment and Urban Affairs Division,101100114
114,Establishment Division,101100115
115,Estate Office (Management),101100116
116,Evacuee Trust Property Board,101100117
117,Experts Advisory Cell,101100118
118,Trade Development Authority,101100119
119,External Publicity Wing,101100120
120,"Fatima Jinnah Women University, Rawalpindi",101100121
121,Federal Academy of Ideology of Pakistan,101100122
122,"Federal Board of Intermediate & Secondary Education, Islamabad",101100123
123,Federal Bureau of Statistics,101100124
124,Federal Directorate of Education,101100125
125,Federal Employees' Benevolent Fund and Group Insurance,101100126
126,Federal Government Educational Institutions,101100127
127,Federal Government Libraries,101100128
128,Federal Government Schools/Colleges,101100129
129,Federal Govt. Employees Immunigration Fund,101100130
130,"Federal Govt. Services Hospital, Isl. (Attached Dispensaries at Isl./Rwp.",101100131
131,Federal Govt. Urdu Arts College,101100132
132,Federal Govt. Urdu Science College,101100133
133,Federal Inspectorate General Development Projects,101100134
134,"Federal Institute of Education & Research, Islamabad",101100135
135,Federal Investigation Agency,101100136
136,Federal Judicial Academy,101100137
137,"Federal Land Commission, Islamabad",101100138
138,Federal Public Service Commission,101100139
139,Federal Rural Development Engineering Cell,101100140
140,Federal Service Tribunal,101100141
141,Federal Shariat Court of Pakistan,101100142
142,Federal Water Management Cell,101100143
143,Finance Division,101100144
144,Food & Vegetables Development Board,101100145
145,Foreign Services Training Institute,101100146
146,Frontier Constabulary,101100147
147,Frontier Corps,101100148
148,Frontier Works Organization,101100149
149,"G. I. Khan Research & Technology Institute, Topi",101100150
150,"Gomal University, Dera Ismail Khan",101100151
151,Hajj Deposits,101100152
152,Health Division,101100153
153,"Hej Research Institute of Chemistry, Karachi",101100154
154,Hydrocarbon Development Institute of Pakistan,101100155
155,Immigration & Passports,101100156
156,Implementation  Tribunal For Newspaper Employees,101100157
157,Indus Basin Tarbella Development Fund,101100158
158,"Industrial Technical Assistance Centre, Pakistan",101100159
159,Information and Broadcasting Division,101100160
160,"Information Services Academy, Islamabad",101100161
161,Inspection & Audit (Income Tax),101100162
162,"Inspection & Training (Custom, Central Excise & Sales Tax)",101100163
163,Inspectorate of Drugs,101100164
164,Institute For Agriculture & Nuclear Biology,101100165
165,"Institute of Arabic & Islamic Studies, Islamabad",101100166
166,Institute of Bankers In Pakistan,101100167
167,"Institute of Business  Administration, Karachi",101100168
168,Institute of Chartered Accountants,101100169
169,Institute of Cost & Management Accountants of Pakistan,101100170
170,Institute of Education,101100171
171,Institute of Educational Technology,101100172
172,Institute of Engineers of Pakistan,101100173
173,Institute of Foreign Trade of Pakistan,101100174
174,Institute of Industrial Relation & Workers' Education,101100175
175,"Institute of Nuclear Anatomy Research, Larkana",101100176
176,Institute of Nuclear Medicines & Oncology,101100177
177,"Institute of Promotion of Science, Education & Training",101100178
178,Institute of Pure and Applied Physics,101100179
179,Institute of Regional Studies,101100180
180,Institute of Strategic Studies,101100181
181,"Institute of Training of National Savings, Islamabad",101100182
182,Intelligence Bureau,101100183
183,Inter Provincial Co-Ordination Division,101100184
184,Interior Division,101100185
185,"International Islamic University, Islamabad",101100186
186,"International Sedimentation, Water Logging & Sanitation",101100187
187,Investment Promotion Bureau,101100188
188,"Iqbal Academy, Lahore",101100189
189,Islamabad Capital Territory,101100190
190,Islamabad College For  Girls,101100191
191,Islamabad Model College For Boys,101100192
192,Islamabad Model College For Girls,101100193
193,"Islamia University, Bahawalpur",101100194
194,"Islamic Research Institute, Islamabad",101100195
195,Jawaid Azfar Computer Centre,101100196
196,Jinnah Post Graduate Medical Centre (JPMC),101100197
197,Kahuta Research Laboratories (K.R.L.),101100198
198,Karachi Nuclear Power Plant (KANUPP),101100199
199,Karachi University,101100200
200,Labour Division,101100201
201,Labour Welfare Commission,101100202
202,Law And Justice Division,101100203
203,Leather Industries & Development Organization,101100204
204,Leather Products Development Centre,101100205
205,Literacy & Mass Education Commission,101100206
206,Live Stock Division,101100207
207,Management Services Division,101100208
208,Manpower & Overseas Pakistanis Division,101100209
209,Marine Fisheries Department,101100210
210,Maritime Security Agency,101100211
211,Markazi Urdu Science Board,101100212
212,Mass Literacy Commission,101100213
213,Quaid-Awam University of Science & technology (Old Name : Mehran Universi,101100214
214,Metal Industrial Research & Development Centre,101100215
215,Ministry of Commerce,101100216
216,Ministry of Communications,101100217
217,"Ministry of Culture, Sports & Youth Affairs",101100218
218,Ministry of Defence,101100219
219,Ministry of Education,101100220
220,Ministry of Finance & Revenue,101100221
221,"Ministry of Food, Agriculture & Livestocks",101100222
222,Ministry of Foreign Affairs,101100223
223,Ministry of Health,101100224
224,Ministry of Housing and Works,101100225
225,"Ministry of Industries, Production & Special Initiatives",101100226
226,Ministry of Information and Broadcasting,101100227
227,Ministry of Interior,101100228
228,Ministry of Kashmir Affairs and Northern Affairs,101100229
229,"Ministry of Labour, Manpower & Overseas Pakistanis",101100230
230,"Ministry of Law, Justice & Human Rights",101100231
231,Ministry of Local Government And Rural Development,101100232
232,Ministry of Minorities Affairs,101100233
233,Ministry of Petroleum & Natural Resources,101100234
234,Ministry of Planning and Development,101100235
235,Ministry of Population Welfare,101100236
236,Ministry of Railways,101100238
237,"Ministry of Religious Affairs, Zakat & Ushr",101100239
238,Ministry of Science & Technology,101100240
239,Ministry of States & Frontier Regions,101100241
240,Ministry of Water and Power,101100242
241,Ministry of Women Development,101100243
242,Monopoly Control Authority,101100244
243,Municipal Training Research Institute,101100245
244,Muqtadira Qaumi Zuban,101100246
245,"National Academy For Higher Education, Islamabad",101100247
246,Narcotics Control Division,101100248
247,National Agricultural Research Centre,101100249
248,National Assembly Accounts,101100250
249,National Assembly Secretariat,101100251
250,National Book Council of Pakistan,101100252
251,"National Centre For Rural Development, Islamabad",101100253
252,National Centre For Transfer of Technology,101100254
253,National Centre of Excellence in Molecular Biology  (CEMB),101100255
254,Pakistan National Centre,101100256
255,National College of Arts,101100257
256,National College of Textile Engineering,101100258
257,National Commission For Child Welfare and Development,101100259
258,"National Commission of Education & Training, Islamabad",101100260
259,National Council For Rehabilitation of Disabled Persons,101100261
260,"National Council for Conservation of Wild Life, Islamabad",101100262
261,National Council of Homeopathy,101100263
262,National Council of Social Welfare,101100264
263,"National Council of Tib, Islamabad",101100265
264,National Documentation Centre,101100266
265,"National Education Council, Islamabad",101100267
266,National Educational Equipment Centre,101100268
267,National Electric Power Regulatory Authority(NEPRA),101100269
268,National Energy Conservation Centre (ENERCON),101100270
269,"National Finance Commission, Islamabad",101100272
270,National Highway Authority,101100273
271,National Hijra Council,101100274
272,National Industrial Relations Commission (NIRC),101100275
273,National Institute of Information Technology,101100276
274,"National Institute For Special Education, Islamabad",101100277
275,National Institute of Cardiovascular Diseases,101100278
276,National Institute of Child Health,101100279
277,National Institute of Culture & Sports,101100280
278,National Institute of Electronics,101100281
279,National Institute of Folk & Traditional Heritage,101100282
280,"National Institute of Health, Islamabad",101100283
281,National Institute of Historical & Cultural Research,101100284
282,National Institute of Malaria Research & Training,101100285
283,National Institute of Medicine Oncology & Radiotherapy,101100286
284,National Institute of Modern Languages,101100287
285,National Institute of Oceanography,101100288
286,National Institute of Pakistan Studies,101100289
287,National Institute of Population Studies,101100290
288,"National Institute of Power, Lahore",101100291
289,National Institute of Psychology,101100292
290,National Institute of Public Administration,101100293
291,National Institute of Science & Technology,101100294
292,National Institute of Silicon Technology,101100295
293,National Institute of Sports & Culture,101100296
294,National Language Authority,101100297
295,"National Language Institute, Islamabad",101100298
296,National Leprosy Control Board,101100299
297,National Mass Transit Authority,101100300
298,"National Museum of Science & Technology, Lahore",101100301
299,National Police Academy,101100302
300,National Research Institute of Fertility Control,101100303
301,National Research Institute of Reproductive Physiology,101100304
302,National Saving Centre,101100305
303,National Seed Registration Department,101100306
304,"National Sports Training & Coaching Centre, Lahore",101100307
305,National Talent Pool,101100308
306,"National Tariff Commission, Islamabad",101100309
307,National Training Bureau,101100310
308,"National Training Development Institute, Islamabad",101100311
309,National Transport Research Centre,101100312
310,National Trust of Disabled Persons,101100313
311,National Zakat Foundation,101100314
312,"NED University of Engineering & Technology, Karachi",101100315
313,"Office of Chief Commissioner, Northern Areas, Gilgit",101100317
314,"Office of Judicial Commissioner, Northern Areas, Gilgit",101100318
315,Office of The Surveyor General of Pakistan,101100319
316,Overseas Workers Foundation,101100320
317,Pakistan Housing Authority,101100321
318,Pakistan Academy For Rural Development,101100322
319,"Pakistan Academy of Letters, Islamabad",101100323
320,"Pakistan Academy of Sciences, Islamabad",101100324
321,"Pakistan Administrative Staff College, Lahore",101100325
322,Pakistan Agricultural Research Council,101100327
323,Pakistan Armed Services Board Secretariat,101100328
324,Pakistan Baitul Mal (PBM),101100329
325,Pakistan Central Cotton Committee,101100330
326,Pakistan Coast Guards,101100331
327,Pakistan Commissioner for Indus Water (PCIW),101100332
328,Pakistan Computer Bureau,101100333
329,Pakistan Council For Science & Technology,101100334
330,"Pakistan Council of Appropriate Technology, Islamabad",101100335
331,Pakistan Council of Research in Water Resources,101100336
332,Pakistan Council of Scientific & Industrial Research (PCSIR),101100337
333,Pakistan Cricket Board,101100338
334,Pakistan Design Institute,101100339
335,Pakistan Engineering Council,101100340
336,Pakistan Environmental Planning and Archaeological Council,101100341
337,Pakistan Environment Planning & Architectural Consultants Ltd.,101100342
338,Pakistan Environmental Protection Agency (PEPA),101100343
339,Pakistan Forest Institute,101100344
340,Pakistan Hockey Federation,101100345
341,Pakistan Institute of Archaeological Training & Research,101100346
342,"Pakistan Institute of Development Economics, Islamabad",101100347
343,Pakistan Institute of Entrepreneurship Training,101100348
344,Pakistan Institute of Finance And Trade,101100349
345,Pakistan Institute of International Affairs,101100350
346,"Pakistan Institute of Management, Karachi",101100351
347,"Pakistan Institute of Medical Sciences, Islamabad",101100352
348,"Pakistan Institute of National Affairs, Lahore",101100353
349,Pakistan Institute of Nuclear Science,101100354
350,"Pakistan Institute of Statistical Training, Lahore",101100355
351,Pakistan Institute of Tourism & Hotel Management,101100356
352,Board of Investment,101100357
353,Pakistan Law Commission,101100358
354,Pakistan Manpower Institute,101100359
355,Pakistan Marine Academy,101100360
356,Pakistan Medical & Dental Council,101100361
357,Pakistan Medical Research Council,101100362
358,Pakistan Meteorological Department,101100363
359,Pakistan Mint,101100364
360,Pakistan Movement Museum,101100365
361,Pakistan Museum of National History,101100366
362,Pakistan Narcotics Control Board,101100367
363,Pakistan National Council of The Arts,101100368
364,Pakistan Nursing Council,101100369
365,Pakistan Oilseeds Development Board,101100370
366,Pakistan Public Works Department,101100371
367,Pakistan Rangers,101100372
368,Pakistan Science Foundation,101100373
369,Pakistan Space & Upper Atmosphere Research Commission,101100374
370,Pakistan Sports Board,101100375
371,Pakistan Standards Institute,101100376
372,"Pakistan Study Centre, University of Balochistan",101100377
373,"Pakistan Study Centre, University of Karachi",101100378
374,"Pakistan Study Centre, University of Peshawar",101100379
375,"Pakistan Study Centre, University of Punjab",101100380
376,"Pakistan Study Centre, University of Sindh",101100381
377,Pakistan Textile Crafts Development Organisation,101100382
378,Pakistan Tobacco Board,101100383
379,Peoples Program,101100384
380,Peshawar University,101100385
381,Pharmacy Council of Pakistan,101100386
382,Planning and Development Division,101100387
383,Population Census Organization,101100388
384,"Poultry Development Centre, Rawalpindi",101100389
385,President Secretariat (Public/Personnel),101100390
386,Press Information Department,101100391
387,Prime Minister's Inspection Commission,101100392
388,Prime Ministers Secretariat (Public/Internal),101100393
389,Private Power & Infrastructure Board,101100394
390,Private Power Cell (PPC),101100395
391,"Privatization Commission, Islamabad",101100396
392,Provincial Sports Committee,101100397
393,Quaid-E-Azam Academy,101100398
394,"Quaid-E-Azam Mazar Management Board, Karachi",101100399
395,Quaid-E-Azam Memorial Fund,101100400
396,"Quaid-E-Azam University, Islamabad",101100401
397,Razmak Cadet College,101100402
398,Regional Commissioners of Income Tax,101100403
399,"Regional Offices, Ministry of Local Government & Rural Development",101100404
400,Registration Organization,101100405
401,Revenue Division,101100406
402,Secretariat Training Institute,101100407
403,Senate Accounts,101100408
404,Senate Secretariat,101100409
405,"Shah Abdul Latif Bhatai University, Khairpur",101100410
406,"Sharia Academy, Islamabad",101100411
407,Sheikh Zayed Post Graduate Medical Institute,101100412
408,"Sindh Agriculture University, Tandojam",101100413
409,"Sindh Madressah Tul-Islam, Karachi",101100414
410,"Sindh University, Jamshoro",101100415
411,Software Export Board,101100416
412,Special Banking Courts,101100417
413,Special Communication Organization,101100418
414,Special Courts/Tribunals,101100419
415,Special Education and Social Welfare Division,101100420
416,States and Frontier Regions Division,101100421
417,Statistics Division,101100422
418,Surface Water Hydrology,101100423
419,T. B. Centre Rawalpindi,101100424
420,Technical Assistance Project (Tap Cell),101100425
421,Textile Industry Research & Development Centre,101100426
422,Textile Quota Management Directorate,101100427
423,The Assistant Drugs Controller,101100428
424,"The Controller, Patents & Designs",101100429
425,The Directorate General of Minerals,101100430
426,The Directorate of Clinical Training,101100431
427,The Geological Survey of Pakistan,101100432
428,The Punjab University,101100434
429,Tourism Division,101100435
430,Trade Mark Registry,101100436
431,"Training Centre, KANUPP",101100437
432,Higher Education Commission (University Grants Commission),101100438
433,"University of Agriculture, Faisalabad",101100439
434,"University of Agriculture, Peshawar",101100440
435,"University of Arid Agriculture, Rawalpindi",101100441
436,"University of Engineering & Technology, Lahore",101100442
437,"University of Engineering & Technology, Peshawar",101100443
438,"University of Science & Technology, Rawalpindi",101100444
439,Urdu Dictionary Board,101100445
440,"Urdu Science Board, Lahore",101100446
441,Veterinary Research Institute Lahore,101100447
442,Workers' Welfare Board,101100448
443,Workers Welfare Fund,101100449
444,Works Division,101100450
445,Youth Affairs Division,101100451
446,Zoological Survey Department,101100452
447,Parliamentary Affairs Division,101100453
448,National Accountability Bureau,101100454
449,National Database & Registration Authority,101100455
450,Supreme Court of Pakistan,101100456
451,High Courts,101100457
452,Civil Armed Forces,101100458
453,Combined Military Hospital,101100459
454,Directorate Hajj (Hajj Wing),101100460
455,Directorate of Dock Workers Safety (DDWS),101100461
456,Education Department,101100462
457,E-Govt Directorate,101100463
458,Emergency Relief Cell,101100464
459,Engineering Development Board (EDB),101100465
460,Field Organization List & Main Task,101100466
461,Frequency Allocation Board (FAB),101100467
462,Military Lands & Cantonment Departments,101100469
463,Ministry of Economic Affairs & Statistics,101100470
464,Ministry of Environment,101100471
465,Ministry of Information Technology,101100472
466,Ministry of Narcotics Control,101100473
467,Ministry of Parliamentary Affairs,101100474
468,Ministry of Ports and Shipping,101100475
469,Ministry of Privatization,101100476
470,Ministry of Social Welfare and Special Education,101100477
471,Ministry of Textile Industry,101100478
472,Ministry of Tourism,101100479
473,National Commission for Human Development,101100480
474,National Fund for Cultural Heritage (NFCH),101100481
475,Nuclear Institute of Food and Technology,101100482
476,Pakistan National Accredation Council (PNAC),101100483
477,Pakistan Nuclear Regulatory Authority,101100484
478,Pakistan Planning & Management Institute,101100485
479,Pakistan Military Accounts Department,101100486
480,Political Agents,101100487
481,Textile Commissioners Organization (TCO),101100488
482,Threadline Gallery of Pakistan,101100489
483,Central Cotton Research Institute,101100490
484,Centre For Applied & Molecular Biology (Camb),101100491
485,Dawah & Ziarat Wing,101100492
486,"Balochistan University of Information Technology & Management Sciences, Q",101100493
487,Ecotourism Society Pakistan (ESP),101100494
488,"Federal Urdu University of Arts, Sciences and Technology",101100495
489,Institute of Radiology and Nuclear Medicine,101100496
490,National Alien Registration Authority,101100497
491,National Institute of Labour Administration Training (NILAT),101100498
492,National Institute of Biology and Genetic Engineering,101100499
493,National Productivity Organization (NPO),101100500
494,National University of Science & Technology (NUST),101100501
495,Pakistan Council of Renewable Energy Technologies (PCRET),101100502
496,PAK-Swiss Precision Mechanics & Instrument Centre,101100503
497,"University of Engineering & Technology, Texila",101100505
498,Virtual University,101100506
499,Ministry of Defence Production,101100507
500,Pakistan Squash Federation,101100508
501,National Law University,101100509
502,Sardar Bahadur Khan University,101100510
503,Kohat University of Science & Technology,101100511
504,Other Federal Government Institutes,101100999
505,Azad Kashmir Logging & Saw Mills Corporation,102210001
506,B.I.S.E - Azad Kashmir,102210002
507,"Mirpur Development Authority, Azad Kashmir",102210003
508,"Public Works Department, Azad Kashmir",102210387
509,"Mineral & Industrial Dev. Corporation (MIDC), Azad Kashmir",102210388
510,"Food Department, Azad Kashmir",102210389
511,"Revenue Board, Azad Kashmir",102210390
512,"Auqaf Department, Azad Kashmir",102210391
513,"Bagh Development Authority, Azad Kashmir",102210392
514,"Central Zakat Fund, Azad Kashmir",102210393
515,"Chairman Local Zakat Committee, Azad Kashmir",102210394
516,"Chairman Municipal Committee, Azad Kashmir",102210395
517,"Custodian Evacuee Properties, Azad Kashmir",102210396
518,"Education Department, Azad Kashmir",102210397
519,"Forest Department, Azad Kashmir",102210398
520,"Hydro Electric Board, Azad Kashmir",102210399
521,"Muzaffarabad Development Authority, Azad Kashmir",102210400
522,"Pearl Development Authority, Rawalakot, Azad Kashmir",102210401
523,Azad Kashmir Supreme Court,102210402
524,Azad Kashmir High Court,102210403
525,Collector of Land Acquisition,102210409
526,Deputy Commissioner Azad Kashmir,102210410
527,Senior Member Board of Revenue,102210411
528,Director General Agriculture,102210412
529,"Accountant General, Azad Kashmir",102210413
530,Assistant Commissioner Rawalkot A.K.,102210414
531,Relief Commissioner Azad Kahmir,102210415
532,"Director Health, A.K.",102210416
533,Director Social Welfare A.K.,102210417
534,Commissioner Mangla Dam Affairs (Mangla Uprising Project),102210418
535,Other Azad Kashmir Government Institutes,102210999
536,"Agriculture and Co-Operatives Department, Balochistan",102220004
537,B.I.S.E - Quetta,102220005
538,Balochistan Development Authority,102220006
539,"Balochistan Engineering College, Khuzdar",102220007
540,Balochistan Sports Board,102220008
541,Balochistan Text Book Board,102220009
542,"Board of Revenue, Balochistan",102220010
543,Bolan Mining Enterprises,102220011
544,"Chief Engineer (Design), Balochistan",102220012
545,"Chief Engineer Communication & Works, Balochistan",102220013
546,"Chief Engineer Irrigation, Balochistan",102220014
547,Chief Ministers Secretariat Balochistan,102220015
548,"Commissioners/Deputy Commissioners, Balochistan",102220016
549,"Communication and Works Department, Balochistan",102220017
550,"Director Agriculture Engineering, Balochistan",102220018
551,"Director Agriculture Planning, Balochistan",102220019
552,"Director Agriculture Research, Balochistan",102220020
553,"Director Bureau of Curriculum and Extension Centre, Balochistan",102220021
554,"Director General Agriculture and Cooperatives Department, Balochistan",102220022
555,"Director General Local Government, Balochistan",102220023
556,"Director Industries Department, Balochistan",102220024
557,"Director Irrigation Extension Department, Balochistan",102220025
558,"Director Mineral Resources Development, Balochistan",102220026
559,Director Small Industries Balochistan,102220027
560,"Directorate of Education Colleges, Balochistan",102220028
561,"Directorate of Education Schools, Balochistan",102220029
562,"Directorate of Technical Education, Balochistan",102220030
563,"Education Department, Balochistan",102220031
564,"Executive Engineer (B & R) Division, Balochistan",102220032
565,"Executive Engineer (E & P), Balochistan",102220033
566,"Executive Engineer Construction Division, Balochistan",102220034
567,Executive Engineer Gas Communication and Works Department,102220035
568,Executive Engineer Maintenance Division,102220036
569,"Executive Engineer Project Division, Balochistan",102220037
570,Executive Engineer Workshop Division,102220038
571,"Fisheries Department, Balochistan",102220039
572,"Food Department, Balochistan",102220040
573,"Forest Department, Balochistan",102220041
574,"Government Colleges, Balochistan",102220042
575,"Government Schools, Balochistan",102220043
576,"Government Vocational Institutes, Balochistan",102220044
577,"Health Department, Balochistan",102220045
578,"Home Department, Balochistan",102220046
579,"Industries Department, Balochistan",102220047
580,"Information Department, Balochistan",102220048
581,"Inspector General of Police, Balochistan",102220049
582,"Irrigation and Power Department, Balochistan",102220050
583,"Labour and Manpower Department, Balochistan",102220051
584,Lasbela Development Authority,102220052
585,"Law Department, Balochistan",102220053
586,"Local Government Department, Balochistan",102220054
587,"Planning and Development Department, Balochistan",102220055
588,"Project Directors, Balochistan",102220056
589,"Public Health Engineering Department, Balochistan",102220057
590,Quetta Development Authority,102220058
591,"Secretary Agriculture and Co-Operative Department, Balochistan",102220059
592,"Secretary Communication and Works Department, Balochistan",102220060
593,"Secretary Education Government, Balochistan",102220061
594,"Secretary Home Department, Balochistan",102220062
595,"Secretary Industries Department, Balochistan",102220063
596,"Secretary Irrigation and Power Department, Balochistan",102220064
597,"Secretary Local Government Department, Balochistan",102220065
598,"Services and General Administration Department, Balochistan",102220066
599,"Sports and Culture Department, Balochistan",102220067
600,"Superintending Engineer B & R, Balochistan",102220068
601,"Superintending Engineer E&M Circle, Balochistan",102220069
602,"Superintending Engineer Maintenance Circle, Balochistan",102220070
603,"Superintending Engineer P&D Cell C&W, Balochistan",102220071
604,"Urban Planning Department, Balochistan",102220072
605,"Zakat and Social Welfare Department, Balochistan",102220073
606,"Ziarat Valley Development Authority, Balochistan",102220074
607,"Finance Department, Balochistan",102220382
608,"Water And Sanitation Authority, Balochistan",102220405
609,Balochistan Education Foundation,102220412
610,Livestock Department,102220413
611,Gawadar Development Authority,102220414
612,Other Balochistan Government Institutes,102220999
613,Abbottabad Development Authority,102230077
614,"Administrator, Auqaf Department, NWFP",102230078
615,"Agricultural Development Authority, NWFP",102230079
616,"Agriculture Department, NWFP",102230080
617,B.I.S.E - Abbottabad,102230081
618,B.I.S.E - Peshawar,102230082
619,B.I.S.E - Saidu Sharif,102230083
620,"Board of Revenue, NWFP",102230084
621,"Chairman, Workers Welfare Board, NWFP",102230085
622,"Chief Minister's Secretariate, NWFP",102230086
623,"Collector Land Acquisition (Bor), NWFP",102230087
624,"Commerce and Mineral Development Department, NWFP",102230088
625,"Commissioners/Deputy Commissioners, NWFP",102230089
626,"Communication and Works Department, NWFP",102230090
627,"Director Agriculture Research Institute, Peshawar",102230091
628,"Director General Project Management Unit, Peshawar",102230092
629,"Directorate of Education Colleges, NWFP",102230093
630,"Directorate of Education Schools, NWFP",102230094
631,"Directorate of Labour Welfare, NWFP",102230095
632,"Directorate of Livestock and Dairy Development, Peshawar",102230096
633,"Directorate of Manpower and Training, Peshawar",102230097
634,"Directorate of Social Welfare, Peshawar",102230098
635,"Directorate of Sports Board, NWFP",102230099
636,"Directorate of Technical Education, NWFP",102230100
637,"Education Department, NWFP",102230101
638,"Frontier Education Foundation, NWFP",102230102
639,"Government Colleges, NWFP",102230103
640,"Government Schools, NWFP",102230104
641,"Government Vocational Institutes, NWFP",102230105
642,Gulyat Development Authority,102230106
643,Hazara Development Authority,102230107
644,Hazara Hill Tracts Improvement Trust,102230108
645,"Health Department, NWFP",102230109
646,"Home Department, NWFP",102230110
647,"Industries Department, NWFP",102230111
648,"Information, Sports & Tourism Department, NWFP",102230112
649,Kohat Development Authority,102230113
650,"Labour and Transport Department, NWFP",102230114
651,"Law Department, NWFP",102230115
652,"Local Government Department, NWFP",102230116
653,"Local Govt. & Rural Development Department, NWFP",102230117
654,Malakand Division Development Authority,102230118
655,"Managing Director, Provincial Urban Development Board, Peshawar",102230119
656,"Managing Director, Small Industries Development Board, Peshawar",102230120
657,Mardan Development Authority,102230121
658,N.W.F.P Forest Development Corporation,102230122
659,N.W.F.P Small Industries Development Board,102230123
660,N.W.F.P Sports Board,102230124
661,N.W.F.P Text Book Board,102230125
662,N.W.F.P. Employees' Social Security Institute,102230126
663,"Pak German Wood Working Centre, Peshawar",102230127
664,Peshawar Development Authority,102230128
665,Physical Planning & Housing Department,102230129
666,"Project Director Tamer-I-Watan Programme, NWFP",102230130
667,"Pushto Adabi Board, NWFP",102230131
668,Sarhad Development Authority (SDA),102230132
669,Sarhad Industrial Development Board,102230133
670,Sarhad Minerals Ltd.,102230134
671,SDA-Bricks & Tiles Project D.I.Khan,102230135
672,SDA-Chitral Antimony Mining Project,102230136
673,SDA-Chitral Metallogenic Mineral Exploration Project,102230137
674,SDA-Cold Storage & Ice Plant,102230138
675,SDA-Dir Copper Project,102230139
676,SDA-Goitre Control Project,102230140
677,SDA-Hazara Phosphate Exploration Project,102230141
678,"SDA-Industrial Estate, Gadoon",102230142
679,"SDA-Industrial Estate, Hattar",102230143
680,"SDA-Industrial Estate, Peshawar",102230144
681,SDA-Kakul Phosphate Mining,102230145
682,SDA-Khazana Distillary Plant,102230146
683,SDA-Khazana Sugar Mills,102230147
684,SDA-Kohistan Lead Zink Min.Explo. Project,102230148
685,SDA-Malakand Chromite Depo. Explo. Project,102230149
686,SDA-Mdw Syanite Project,102230150
687,"SDA-Mineral Testing Laboratories,Hayatabad",102230151
688,"SDA-Survey Inv. Mineral Bearing Areas, Peshawar",102230152
689,"Zakat and Social Welfare Department, NWFP",102230153
690,"Finance Department, NWFP",102230383
691,"Food Department, NWFP",102230384
692,"B.I.S.E - Bannu, NWFP",102230406
693,"B.I.S.E - Kohat, NWFP",102230407
694,"Police Training Centre Hangu, NWFP",102230408
695,"Directorate of Special Education, NWFP",102230409
696,Forest Department NWFP,102230410
697,Elementary Education Foundation,102230411
698,Mansehra Development Authority,102230412
699,Other NWFP Government Institutes,102230999
700,"A.T.C. Ferozewala, Lahore",102240156
701,Agriculture (Extension) Punjab,102240157
702,Agriculture Department (Punjab),102240158
703,"Assistant Director Reclamation and Probation, Punjab",102240159
704,"Assistant Directors Local Govt. & Rural Development, Punjab",102240160
705,"Ayub Agricultural Research Institute, Punjab",102240161
706,B.I.S.E - Bahawalpur,102240162
707,B.I.S.E - Gujranwala,102240163
708,B.I.S.E - Lahore,102240164
709,B.I.S.E - Multan,102240165
710,B.I.S.E - Rawalpindi,102240166
711,B.I.S.E - Sargodha,102240167
712,"Board of Revenue, Punjab",102240168
713,"Chief Minister's Secretariat, Punjab",102240169
714,"Chief Statistician, Headquarters Office, Lahore",102240170
715,"Commissioners/Deputy Commissioners, Punjab",102240171
716,"Communication and Works Department, Punjab",102240172
717,Dera Ghazi Khan Development Authority,102240173
718,"Development Cell For Skilled Labour Training, Punjab",102240174
719,Director Civil Defence,102240175
720,Auqaf Department,102240176
721,"Director General Katchi Abadis, Lahore",102240177
722,"Director General Public Relations, Punjab",102240178
723,"Director General Sports, Punjab",102240179
724,"Director Labour Welfare, Punjab",102240180
725,"Director Local Government & Rural Development, Punjab",102240181
726,"Director of Industries, Multan",102240182
727,"Director Special Education, Punjab",102240183
728,"Director Staff Development, Punjab",102240184
729,"Director Technical Education, Punjab",102240185
730,"Directorate of Education Colleges, Punjab",102240186
731,"Directorate of Education Schools, Punjab",102240187
732,"Directorate of Technical Education, Punjab",102240188
733,"Economic Research Institute, Punjab",102240189
734,"Education Department, Punjab",102240190
735,Faisalabad Development Authority,102240192
736,"Fatima Jinnah Medical College, Lahore",102240193
737,"Fisheries Department, Punjab",102240194
738,"Food Department, Punjab",102240195
739,"Forest Department, Punjab",102240196
740,"Forestry Wildlife & Tourism Department, Punjab",102240197
741,"Government Colleges, Punjab",102240198
742,"Government Schools, Punjab",102240199
743,"Government Vocational Institutes, Punjab",102240200
744,"Government Wool Spinning and Weaving Centre, Jhang",102240201
745,Gujranwala Development Authority,102240202
746,"Health Department, Punjab",102240203
747,"Home Department, Punjab",102240204
748,"Housing, Urban Development & Public Health Engineering Department, Punjab",102240205
749,"Industries, Commerce  & Investment Department, Punjab",102240206
750,"Information, Culture & Youth Affairs Department, Punjab",102240207
751,"Inspector General of Police, Punjab",102240208
752,"Institute of Cardiology, Punjab",102240209
753,"Institute of Forestry, Faisalabad",102240210
754,"Irrigation and Power Department, Punjab",102240211
755,"Jinnah Hospital, Lahore",102240212
756,"Labour & Human Resource Department, Punjab",102240213
757,"Labour Department, Punjab",102240214
758,"Lahore Arts Council, Punjab",102240215
759,Lahore Development Authority,102240216
760,Lahore Metropolitan Corporation,102240217
761,"Display Structure Lahore Museum, Lahore",102240218
762,"Lahore Zoo, Lahore",102240219
763,"Law and Parliamentary Affairs Department, Punjab",102240220
764,"Livestock and Dairy Development Department, Punjab",102240221
765,"Local Government and Rural Development Department, Punjab",102240222
766,"Managing Director Education Foundation, Punjab",102240223
767,"Medical  Faculty, Lahore",102240224
768,Multan Development Authority,102240225
769,Murree Development Authority,102240227
770,Punjab Employees Social Security Institute,102240229
771,"Pakistan Girl Guides Association, Punjab",102240230
772,Pidb-Punjab Industrial Development Board,102240233
773,"Planning and Development Department, Punjab",102240234
774,"Population Welfare Department, Punjab",102240235
775,"Printing and Stationery Department, Punjab",102240236
776,"Provincial Board of Management Workers Children Education, Lahore",102240237
777,"Provincial Training Board, Punjab",102240238
778,"Punjab Agricultural Development & Supplies Corporation, Lahore",102240239
779,"Punjab Agriculture Research Institute, Faisalabad",102240240
780,"Punjab Board of Technical Education, Lahore",102240241
781,Punjab Boy Scouts Association,102240242
782,"Punjab Council for Rehabilitation of Disabled Persons, Lahore",102240243
783,Punjab Council of Arts,102240244
784,"Punjab Dental College, Lahore",102240245
785,"Punjab Economic Research Institute, Lahore (PERI)",102240246
786,Punjab Flour Milling Corporation,102240247
787,"Punjab Government Servants Benevolent Fund, Lahore",102240248
788,"Punjab Highways Authority, Lahore",102240249
789,"Punjab Land Utilization Authority, Lahore",102240250
790,Punjab Mineral Development Corporation,102240252
791,"Punjab Pharmacy Council, Lahore",102240253
792,"Punjab Privatization Board, Lahore",102240254
793,Punjab Public Library,102240255
794,"Punjab Public Service Commission, Lahore",102240256
795,Punjab Seed Corporation,102240258
796,Punjab Small Industries Corporation,102240259
797,Punjab Social Services Board,102240260
798,"Punjab Special Education Services Board, Lahore",102240261
799,Punjab Sports Board,102240262
800,Punjab Text Book Board,102240263
801,Punjab Tourism Development Corporation,102240264
802,Punjab Transport Authority,102240265
803,Punjab Vocational Training Council,102240266
804,Punjab Welfare Trust for Disabled Persons,102240267
805,"Quaid-E-Azam Library, Bagh-E-Jinnah, Lahore",102240268
806,Rawalpindi Development Authority,102240269
807,"Rice Research Institute, Kala Shah Kako",102240270
808,"Salinity Research Institute, Lahore",102240271
809,Sargodha Improvement Trust,102240272
810,"Services General Administration & Information Department, Punjab",102240273
811,"SG & AD (Implementation and Co-Ordination), Punjab",102240274
812,"Superintendent Engineer (Build) Education Department, Punjab",102240275
813,Technical Training Centres,102240276
814,Thal Industries Corporations,102240277
815,Waris Shah Complex,102240278
816,"Water & Sanitation Authority, Punjab",102240279
817,"Zakat and Ushr Department, Punjab",102240280
818,"Finance Department, Punjab",102240385
819,Advisory Committee Ministry of Women development,102240413
820,"Chied Engineer, Public Health Engineering",102240414
821,Civil Defense Funds,102240415
822,Colonies Department,102240416
823,"Controller, Printing and Stationery",102240417
824,Cooperatives Department,102240418
825,Environment Protection Department,102240419
826,Excise and Taxation Department,102240420
827,Fountain House,102240421
828,Information Technology Department,102240422
829,Pak Maktab Management Board,102240423
830,Punjab Rural Support Programme,102240424
831,"Relief Department, Punjab",102240425
832,"Revenue Department, Punjab",102240426
833,"Social Welfare Department, Women Development, & Bait-ul-Maal Department",102240427
834,Transport Department,102240428
835,Punjab Teachers Foundation,102240429
836,B.I.S.E. Dera Ghazi Khan,102240430
837,Administrator Cooperative Development Fund,102240431
838,Destitute and neglected children welfare,102240432
839,Multan Institute of Cardiology,102240433
840,Punjab Development Fund,102240434
841,Punjab Information Technology Board,102240435
842,Punjab Libraries Foundation,102240436
843,Punjab Workers Welfare Fund,102240437
844,University of Health Sciences,102240438
845,"Collector Land Acquisition, Punjab",102240439
846,Parks & Horticulture Authority,102240440
847,Provincial Transport Authority,102240441
848,Other Punjab Government Institutes,102240999
849,"Advocate General's Department, Sindh",102250283
850,"Agriculture Department, Sindh",102250284
851,"Agriculture Engineering and Water Management, Sindh",102250285
852,"Agriculture Extension Department, Sindh",102250286
853,"Anti-Corruption Department, Sindh",102250287
854,B.I.S.E - Karachi,102250288
855,B.I.S.E - Hyderabad,102250289
856,B.I.S.E - Sukkur,102250290
857,B.S.E - Karachi,102250291
858,"Board of Revenue, Sindh",102250292
859,"Building  Department, Sindh",102250293
860,"Bureau of Supplies & Prices, Sindh",102250294
861,"Chief Minister's Secretariat, Sindh",102250295
862,"Civil Defence Department, Sindh",102250296
863,"Co-Operatives Department, Sindh",102250297
864,"Co-Ordination Department, Sindh",102250298
865,Coastal Development Authority,102250299
866,"Commissioners/Deputy Commissioners, Sindh",102250300
867,"Communications and Works Department, Sindh",102250301
868,"Culture, Tourism, Sports, Youth Affairs, Social Welfare & Women Dev. Depa",102250302
869,"Directorate of Education Colleges, Sindh",102250303
870,"Directorate of Education Schools, Sindh",102250304
871,"Directorate of Technical Education, Sindh",102250305
872,"Directorate of Youth Affairs and Sports, Sindh",102250306
873,"Education Department, Sindh",102250307
874,"Excise Department, Sindh",102250308
875,"Finance Department, Sindh",102250309
876,"Fisheries Department, Sindh",102250310
877,"Food  and Co-operation Department, Sindh",102250311
878,"Forest Wildlife and Environment Department, Sindh",102250312
879,"Government Colleges, Sindh",102250313
880,"Government Schools, Sindh",102250314
881,"Government Vocational Institutes, Sindh",102250315
882,"Health Department, Sindh",102250316
883,"Home Department, Sindh",102250317
884,"Housing, Town Planning, Katchi Abadies and Environment Department, Sindh",102250318
885,Hyderabad Development Authority,102250319
886,"Industries and Commerce Department, Sindh",102250320
887,"Information Department, Sindh",102250321
888,"Inspectorate of Mines, Sindh",102250322
889,"Irrigation and Power Department, Sindh",102250323
890,Karachi Development Authority,102250324
891,Karachi Fisheries Harbour Authority,102250325
892,Karachi Transport Corporation,102250326
893,Karachi Water & Sewerage Board,102250327
894,"Labour Appellate Tribunal, Sindh",102250328
895,"Labour Department, Sindh",102250329
896,"Land Utilisation Department, Sindh",102250330
897,Larkana Development Authority,102250331
898,"Law Department, Sindh",102250332
899,"Livestock Department, Sindh",102250334
900,"Local Government Department, Sindh",102250335
901,Lyari Development Authority,102250336
902,Malir Development Authority,102250337
903,"Manpower and Training Department, Sindh",102250338
904,"Mehran Council of Arts, Sindh",102250339
905,"Minimum Wages Board, Sindh",102250340
906,"Minorities Affairs Department, Sindh",102250341
907,"Official Agencies Department, Sindh",102250342
908,"Planning and Development Department, Sindh",102250343
909,"Police Department, Sindh",102250344
910,"Population  Welfare Department, Sindh",102250345
911,"Prisons Department, Sindh",102250346
912,"Provincial Training Board, Sindh",102250347
913,"Public Health Engineering Department, Sindh",102250348
914,"Relief Department, Sindh",102250349
915,"Religious Affairs, Auqaf, Minorities Affairs & Zakat",102250350
916,"Revenue Department, Sindh",102250351
917,"Road Research Centre Tandojam, Sindh",102250352
918,"Rural Development Department, Sindh",102250353
919,"Science and Technology Department, Sindh",102250354
920,"Sehwan Development Authority, Sindh",102250355
921,"Services & General Administration Department, Sindh",102250356
922,Sindh Agricultural Live Stock Department,102250357
923,Sindh Agricultural Supplies Organization,102250358
924,Sindh Board of Technical Education,102250359
925,Sindh Employees Social Security Institute,102250360
926,"Sindh Public Service Commission, Hyderabad",102250361
927,Sindh Road Transport Board,102250362
928,Sindh Seed Corporation,102250363
929,Sindh Service Tribunal,102250364
930,Sindh Small Industries Corporation,102250365
931,Sindh Sports Board,102250366
932,Sindh Sugar Corporation (SSC),102250367
933,Sindh Text Book Board,102250368
934,Sindh Tourism Development Corporation,102250369
935,Sindhi Adabi Board,102250370
936,"Sindhi Language Authority, Hyderabad",102250371
937,"Solicitor?s Department, Sindh",102250372
938,"Taxation Department, Sindh",102250375
939,"Transport Department, Sindh",102250376
940,"Wildlife Department, Sindh",102250377
941,"Zakat & Social Welfare Department, Sindh",102250386
942,Mines and Mineral Development,102250431
943,Sindh Information Department,102250432
944,Sindh Institute of Urology & Transplantation,102250433
945,Social Action Programme,102250434
946,Sindh Social Relief Fund,102250435
947,Sindh Industrial Trade Estate (S.I.T.E.),102250436
948,Other Sind Government Institutes,102250999
949,Home & Prisons Department,102260001
950,"Services and General Administration, Information and Cabinet Department",102260002
951,Law and Prosecution Department,102260003
952,Finance Department,102260004
953,"Revenue, Usher and Zakat, Excise and Taxation and Cooperative Department",102260005
954,"Food and Agriculture, Fisheries and Animal Husbandry Department",102260006
955,"Forest, Wildlife and Environment Department",102260007
956,"Education, Social Welfare and Women Development",102260008
957,Health and Population Welfare Department,102260009
958,Works Department,102260010
959,"Local Government, Rural Development and Census Department",102260011
960,Water and Power Department,102260012
961,"Tourism, Sports, Culture and Youth Department",102260013
962,"Mineral Development, Industries, Commerce & Labour Department",102260014
963,Planning and Development Department,102260015
964,"Local Government, Azad Kashmir",103211404
965,"Municipal Corporations/Committees/Town Committees, Balochistan",103221075
966,"Union Councils /Districts Councils, Balochistan",103221076
967,"Municipal Corporations/Committees/Town Commitees, NWFP",103231154
968,"Union Councils/Districts Councils, NWFP",103231155
969,"Municipal Corporations/Committees/Town Commitees, Punjab",103241281
970,"Union Councils/District Councils, Punjab",103241282
971,"Municipal Corporations/Committees/Town Committees, Sindh",103251380
972,"Union Councils/District Councils, Sindh",103251381
,List of Non-Financial Public Sector Enterprises (NFPSEs) ,
S.No,Institution,Code
1,Agricultural Marketing & Storage Ltd.,200300001
2,Associated Press of Pakistan,200300002
3,Capital Development Authority,200300004
4,Civil Aviation Authority,200300007
5,Export Processing Zones Authority,200300010
6,Federal Administration Tribal Areas Development Corporation-FAT,200300011
7,Ghee Corporation of Pakistan,200300025
8,Karachi Port Trust,200300034
9,Karachi Shipyard & Engineering Works Ltd.,200300035
10,Korangi Fisheries Harbour Authority,200300036
11,Lakhra Coal Development Company Ltd.,200300037
12,National Book Foundation,200300038
13,National Construction Ltd.,200300039
14,National Film Development Corporation Ltd.,200300040
15,National Housing Authority,200300041
16,National Logistic Cell,200300042
17,National Police Foundation (NPF),200300043
18,National Power Construction Corporation,200300044
19,National Radio Telecommunication Corporation,200300045
20,National Telecommunication Corporation,200300046
21,NFC-Fertilizer Research & Dev. Institute,200300048
22,NFC-Hazara Phosphate Fertilizers (Pvt)  Ltd.,200300049
23,NFC-Institute of Engineering & Fertilizer Research,200300050
24,NFC-Lyallpur Chemical & Fertilizers Ltd.,200300051
25,National Fertilizer Corporation of Pakistan Ltd.(NFC),200300052
26,National Fertilizer Marketing,200300053
27,NFC-Technical Training Centre,200300057
28,Northern Areas Transport Corporation Ltd.,200300058
29,NPF-National Pharmacy & Laboratories,200300059
30,NPF-Nowshera Sheet Glass Ind. Ltd.,200300060
31,Oil & Gas Development Corporation Ltd.(OGDCL),200300061
32,OGDCL-Pirkoh Gas Co. Ltd.,200300062
33,Overseas Employment Corporation Ltd.,200300064
34,Overseas Pakistani Foundation (OPF),200300065
35,Pakistan Automobile Corporation Ltd.,200300068
36,PACO-Republic Motors (Pvt) Ltd.,200300070
37,PACO-Sind Engineering (Pvt) Ltd.Ltd.,200300071
38,Pak Arab Refinery Ltd.,200300073
39,Pakistan Agriculture Storage & Services Corporation Ltd.,200300074
40,Pakistan Broadcasting Corporation,200300075
41,Pakistan Environment Planning & Research Council,200300076
42,Pakistan Mineral Dev. Corp.Ltd. (PMDC),200300077
43,Pakistan National Shipping Corp.,200300078
44,Pakistan Petroleum Ltd.,200300080
45,Pakistan Post Office Department,200300081
46,Pakistan Railway Advisory  & Consulatancy Services Ltd.,200300082
47,Pakistan Railways,200300083
48,Pakistan Security Printing Corporation (Pvt) Ltd.,200300084
49,Pakistan State Oil Company Ltd. (PSO),200300085
50,Pakistan Steel Fabricating Company Limited,200300086
51,Pakistan Steel Mills Corp. Ltd.(PSM),200300087
52,Pakistan Telecomunication Authority(PTA),200300090
53,Pakistan Television Corporation Ltd.,200300091
54,Pakistan Trade Fair Corporation,200300092
55,Peoples Steel Mills Ltd.,200300093
56,SEC-ENAR Petrotech Services,200300094
57,PERAC-State Petroleum Refining & Petrocarbon Corporation Ltd.,200300099
58,Pakistan International Airlines Corporation Ltd.(PIA),200300101
59,Pakistan Industrial Development Corporation (PIDC) Ltd.,200300114
60,Port Qasim Authority,200300122
61,Printing Corporation of Pakistan Ltd.,200300123
62,Private Sector Energy Development Fund,200300124
63,Pakistan Tourism Development Corporation Ltd.(PTDC),200300130
64,Railway Constructions Pakistan Ltd.,200300132
65,Resources & Engineering Management Corporation Ltd.,200300135
66,Saindak Development Corporations,200300137
67,SEC-Federal Light Engineering Corporation Pvt. Ltd.,200300142
68,SEC-Heavy Electrical Complex (Pvt) Ltd.,200300143
69,SEC-Heavy Foundary & Forge,200300144
70,SEC-Heavy Mechanical Complex Ltd.,200300145
71,SEC-Pakistan Engineering Company Ltd.,200300146
72,SEC-Pakistan Machine Tool Factory (Pvt) Ltd.,200300147
73,SEC-Spinning Machinery Co. of Pakistan Ltd.,200300148
74,Security Papers Ltd.,200300149
75,Shalimar Recording & Broadcasting Company Ltd.,200300150
76,State Engineering Corporation (Pvt) Ltd. (SEC),200300153
77,Sui Northern Gas Pipelines Ltd.,200300154
78,Sui Southern Gas Company Ltd.,200300155
79,Telephone Industries of Pakistan  Ltd.,200300156
80,Trading Corporation of Pakistan Ltd.,200300157
81,Utility Stores Corporation of Pakistan Ltd.,200300159
82,Wah Industries Ltd. (WIL),200300160
83,Water & Power Development Authority (WAPDA),200300161
84,WIL International Dyes & Chemicals (Pvt) Ltd.,200300162
85,WIL International Detonators,200300163
86,WIL Wah Noble Chemicals Ltd.,200300164
87,WIL Wah Noble Balochistan Explosive,200300165
88,WIL Wah Noble Limited,200300166
89,National Engineering Services Pakistan (Pvt) Ltd.,200300167
90,"Air Weapon Complex, Wah Ordinance Factory",200300171
91,Corporate and Industrial Restructuring Corporation,200300173
92,Government Holdings (Pvt.) Ltd.,200300175
93,Oil & Gas Regulatory Authority(OGRA),200300178
94,Pakistan Electronic Media Regulatory Authority (PEMRA),200300179
95,Pakistan Net Limited,200300182
96,"PTDC-PTDC Motels (Pvt.) Ltd (Malam Jabba, naran resorts etc are",200300184
97,STEDEC Technology Commercialization Corporation of Pakistan (Pr,200300185
98,Small & Medium Enterprises Development Authority (SMEDA),200300186
99,Lahore Electric Supply Company (LESCO ),200300187
100,Gujranwala Electric Power Company - (GEPCO),200300188
101,Faisalabad Electric Supply Company -(FESCO),200300189
102,Islamabad Electric Supply Company - (LESCO),200300190
103,Multan Electric Power Company - (MEPCO),200300191
104,Peshawar Electric Power Company - (PESCO),200300192
105,Hyderabad Electric Supply Company - (HESCO),200300193
106,Quetta Electric Supply Company  (QESCP),200300194
107,Tribal Electric Supply Company - (TESCO),200300195
108,Southern Generation Power Company Limited - Jamshoro,200300196
109,Central Power Generation Company Limited - Guddu,200300197
110,Northern Power Generation Company Limited - Muzzaffargrah,200300198
111,Lakhra Power Generation Company Limited,200300199
112,National Transmission And Desptach Company (NTDC),200300200
113,Power Holding (Pvt) Limited,200300201
114,Karachi Dock Labour Board (KDLB),200300202
115,Pakistan Textile City,200300203
116,Quaid E Azam Solar Power Pvt Ltd,200300204
117,Quaid-e-Azam Thermal Power Private Limited,200300205
118,Other NFPSEs,200300999
,List of Non-Bank Financial Institutions (NBFIs),
S.No,Institution,Code
1,Other Depository,300410999
2,Balochistan Provincial Co-Operative Bank,300411001
3,Karakuram Cooperative Bank Ltd. (Northern Areas Provincial Co-operative Bank),300411003
4,Sindh Provincial Co-Operative Bank,300411004
5,Azad Kashmir Government Co-Operative Bank,300411124
6,Bankers Equity Ltd.,300412005
7,Investment Corporation Of Pakistan,300412006
8,National Development Finance Corporation,300412007
9,National Investment Trust,300412008
10,Pak-Kuwait Investment Company,300412009
11,Pakistan Industrial Credit And Investment Corporation,300412010
12,Regional Development Finance Corporation,300412011
13,Pak-China Investment Company Limited,300412012
14,Pak-Iran Joint Investment Company Limited,300412013
15,Pak-Brunei Investment Company Limited,300412014
16,Unit Trust Of Pakistan,300412225
17,TMT Ventures Limited,300412226
18,First Micro Finance Bank,300413128
19,Khushhali bank,300413129
20,Rozgar Bank Ltd,300413227
21,Kashf Micro finance Bank,300413229
22,Network Microfinance Bank,300413230
23,Pak Oman Mircofinance Bank,300413231
24,Tameer Microfinance Bank,300413232
25,Waseela Microfinance Bank Ltd,300413233
26,Advans Pakistan Microfinance Bank,300413234
27,Asset Investment Bank Ltd.,300415015
28,Atlas Investment Bank Ltd.,300415016
29,Escorts Investment Bank Ltd.,300415019
30,First International Investment Bank Ltd.,300415021
31,Orix Investment Bank Pakistan Ltd.,300415025
32,Security Investment Bank Ltd.,300415027
33,Pak Oman Investment Company (Pvt) Ltd,300415131
34,Crescent Standard Investment Bank Ltd.,300415191
35,First Dawood Investment Bank,300415192
36,First Credit & Investment Bank,300415193
37,IGI Investment Bank Ltd.,300415194
38,Innoviative Investment Bank Ltd.,300415195
39,Invest Capital Investment Banks Ltd,300415196
40,Other Non Depository,300420999
41,Equity Participation Fund,300422029
42,House Building Finance Corporation,300422030
43,Pak-Libya Holding Company,300422031
44,Saudi Pak Ind. & Agri. Investment Corporation,300422032
45,Small Business Finance Corporation,300422033
46,Citibank Housing Finance Company Ltd.,300423034
47,First Credit & Discount Corp.(Pvt.)Ltd.,300423035
48,Prudential Discount & Guarantee House Ltd.,300423037
49,Asian Housing Finance,300423038
50,Speed Way Fondmetall(Pak) Limited,300423127
51,International Housing Finance Ltd.,300424038
52,Asian Leasing Corporation Ltd.,300426040
53,Askari Leasing Company Ltd.,300426041
54,Atlas Lease Ltd.,300426042
55,Capital Assets Leasing Corp.Ltd.,300426043
56,Crescent Leasing Corporation Ltd.,300426044
57,English Leasing Ltd.,300426047
58,Grays Leasing Ltd.,300426050
59,National Assets Leasing Corp.Ltd.,300426056
60,Natover Lease & RefinanceLtd.,300426058
61,Network Leasing Corporation Ltd.,300426059
62,Orix Leasing Pakistan Ltd.,300426060
63,Pak Gulf Leasing Company Ltd.,300426063
64,Pakistan Industrial & Commercial Leasing,300426064
65,Saudi Pak Leasing Co.Ltd.,300426067
66,Security Leasing Corporation Ltd.,300426068
67,Sigma Leasing Corporation Ltd.,300426069
68,Trust Leasing & Investment bank,300426070
69,Union Leasing Ltd.,300426071
70,Universal Leasing Corporation Ltd.,300426072
71,SME Leasing Ltd.,300426224
72,Standard Charatered Leasing Ltd.,300426225
73,NBP Leasing Ltd.,300426226
74,Al-Zamin Leasing Modaraba,300427073
75,B.F.Modaraba,300427074
76,BRR International Modaraba,300427075
77,Financial Link Modaraba,300427076
78,First Allied Bank Modaraba,300427077
79,Alnoor Modaraba 1st,300427078
80,First Constellation Modaraba,300427080
81,First Elite Capital Modaraba,300427085
82,First Equity Modaraba,300427086
83,First Fidelity Leasing Modaraba,300427087
84,Standard Chartered Modaraba,300427089
85,First Habib Bank Modaraba,300427090
86,First Habib Modaraba,300427091
87,First I.B.L.Modaraba,300427093
88,First Imrooz Modaraba,300427095
89,First Islamic Modaraba,300427097
90,First Mehran Modaraba,300427098
91,First National Bank Modaraba,300427099
92,First Pak Modaraba,300427100
93,First Paramount Modarba,300427101
94,First Prudential Modaraba,300427105
95,First Punjab Modaraba,300427106
96,First Tri-Star Modaraba,300427108
97,First UDL Modaraba,300427109
98,Guardian Modaraba,300427110
99,Modaraba Al-Mali,300427113
100,Modaraba Al-Tijarah,300427114
101,Second Tri-Star Modaraba,300427117
102,Trust Modaraba,300427119
103,Unicap Modaraba,300427120
104,Fayzan Manufacturing Modaraba,300427125
105,First Investec Modaraba,300427222
106,NBP Capital Limited,300427223
107,Crescent Standard Modaraba,300427225
108,"AMZ Ventures Limited,",300428124
109,Mutual Fund & Asset Management Companies *,300429000
110,TRG Pakistan Limited,300429218
111,Postal Life Insurance,300511132
112,State Life Insurance Corporation Ltd.,300511133
113,National Insurance Corporation,300512134
114,Pakistan Reinsurance Company Ltd.,300512135
115,Amercian Life Insurance Company Ltd.,300521136
116,E.F.U.Life Insurance Company Ltd.,300521138
117,Metropoliton Life Assurance Company Ltd.,300521139
118,Adamjee Insurance Company Ltd.,300522140
119,Agro General Insurance Company Ltd.,300522141
120,Allianz Efu Health Insurance Company Ltd.,300522142
121,Alpha Insurance Company Ltd.,300522143
122,Asia Insurance Company Ltd.,300522144
123,Asian Mutual Insurance Company Ltd.,300522145
124,Askari General Insurance Company Ltd.,300522146
125,Beema Insurance Company Ltd.,300522147
126,Business & Industrial Insurance Company Ltd.,300522148
127,Capital Insurance Company Ltd.,300522149
128,Central Insurance Company Ltd.,300522150
129,Century Insurance Company Ltd.,300522151
130,Co-Operative Insurance Society Of Pakistan Ltd,300522152
131,Credit Insurance Company Ltd.,300522153
132,Crescent Star Insurance Company Ltd.,300522154
133,Dadabhoy Insurance Company Ltd.,300522155
134,Delta Insurance Company Ltd.,300522156
135,E.F.U.General Insurance Company Ltd.,300522157
136,East West Insurance Company Ltd.,300522158
137,Excel Insurance Company Ltd.,300522159
138,Gulf Insurance Company Ltd.,300522160
139,Habib Insurance Company Ltd.,300522161
140,International General Insurance Co. Of Pakista,300522163
141,New Jubilee Insurance Comapny Ltd.,300522168
142,North Star Insurance Company Ltd.,300522169
143,Pakistan General Insurance Company Ltd.,300522171
144,Pakistan Guarantee Insurance Company Ltd.,300522172
145,Pakistan Mutual Insurance Company Ltd.,300522173
146,Premier Insurance Company Ltd.,300522175
147,Prime Insurance Company Ltd.,300522176
148,Raja Insurance Company Ltd.,300522177
149,Reliance Insurance Company Ltd.,300522178
150,Seafield Insurance Company Ltd.,300522179
151,Security  General Insurance Company Ltd.,300522180
152,Shaheen Insurance Company Ltd.,300522181
153,Sliver Star Insurance Company Ltd.,300522182
154,Union Insurance Company Of Pakistan Ltd.,300522183
155,United Insurance Company Of Pakistan Ltd.,300522184
156,Universal Insurance Company Ltd.,300522185
157,Ace Insurance Aid Pacific Ltd.,300532186
158,New Hampshire Insurance Company Ltd.,300532188
159,New Zealand Insurance Company Ltd.,300532189
160,Royal & Sun Alliance Assurance Plc.,300532190
161,Continental Insurance Company Ltd,300532191
162,Pak Kuwait Takaful Company Ltd,300532192
163,New Jubilee  Life Insurance Company Ltd.,300532193
164,Atlas Insurance Company Ltd.,300532194
165,Pak Equity Insurance Company Ltd.,300532195
166,Trakker Direct Insurance Company Ltd.,300532196
167,PICIC Insurance Ltd.,300532197
168,Saudi Pak Insurance Company Ltd,300532198
169,Progressive Insurance Company Ltd.,300532199
170,Platinim Insurance Company Ltd.,300532200
171,UBL Insurance Ltd.,300532201
172,Pak Qatar Family Takaful Ltd.,300532202
173,Pak Qatar General Takaful Ltd.,300532203
174,Takaful Pakistan Ltd.,300532204
175,Others,300532999
176,Al-Sahara Xchange Company (Pvt) Ltd.,300610001
177,H&H Exchange Co. (Pvt) Ltd.,300610003
178,Khanani & Kalia International(Pvt) Ltd.,300610004
179,NBP Exchange Company Ltd.,300610005
180,Glaxy Exchange Company (Pvt) Ltd.,300610006
181,Dollar East Exchange Co. (Pvt) Ltd.,300610007
182,Zarco Exchange Company (Pvt) Ltd.,300610009
183,Wall Street Exchange Company (Pvt) Ltd.,300610010
184,Noble Exchange International (Pvt) Ltd,300610011
185,Malik Exchange (Pvt) Ltd.,300610012
186,Riaz Exchange Company (Pvt) Ltd.,300610013
187,Al-Hameed Int. Money Exchange (Pvt) Ltd.,300610014
188,PICIC Exchange Company (Pvt) Ltd.,300610015
189,Pakistan Currency Exchange Co.(Pvt) Ltd.,300610016
190,Paracha International Exchange (Pvt) Ltd.,300610017
191,Fair-Deal Exchange Company (Pvt) Ltd.,300610018
192,Al-Rahim Exchange Company (Pvt) Ltd.,300610019
193,P.B.S. Exchange Company (Pvt) Ltd.,300610020
194,A.A Exchange Company (Pvt) Ltd,300610021
195,Money Masters Currency Exchange Company,300620022
196,Sky Exchange Company-B (Pvt) Ltd.,300620023
197,World Wide Exchange Company-B (Pvt) Ltd.,300620024
198,Rajgan Exchange Company-B (Pvt) Ltd.,300620026
199,Great Union Exchange Company-B (Pvt) Ltd,300620027
200,United Exchange Company-B (Pvt) Ltd.,300620028
201,Premier Exchange Company-B (Pvt) Ltd.,300620029
202,Union Exchange Company-B (Pvt) Ltd.,300620030
203,Muhammadi Exchange Company-B (Pvt) Ltd.,300620032
204,Chase Exchange Comnpany-B (Pvt) Ltd.,300620033
205,Swiss International Exchange Company-B,300620034
206,East West Exchange Company-B (Pvt) Ltd.,300620035
207,Madina Exchange Company-B (Pvt) Ltd.,300620037
208,Mega Currency Exchange Company-B (Pvt) L,300620038
209,Time Exchange Company-B (Pvt) Ltd.,300620039
210,Usman International Exchange Company-B,300620040
211,World Exchange Company-B (Pvt) Ltd.,300620041
212,Islamabad Exchange Company-B (Pvt) Ltd.,300620042
213,Universal Exchange Company-B (Pvt) Ltd.,300620043
214,Mars Exchange Company-B (Pvt) Ltd.,300620044
215,World Express Exchange Company-B (Pvt),300620045
216,Chanda Exchange Company-B (Pvt) Ltd.,300620046
217,Karwan Exchange Company-B (Pvt) Ltd.,300620047
218,Best Way Exchange Company-B (Pvt) Ltd.,300620049
219,Al-Pine International Exchange Company-B,300620050
220,International Exchange Company-B (Pvt),300620051
221,Orient Exchange Company-B (Pvt) Ltd.,300620052
222,Capital Exchange Company-B (Pvt) Ltd.,300620053
223,"Habib Currency Exchange A (Pvt) Ltd.,",300620055
224,"Royal International Exchange Company  A (Pvt) Ltd.,",300620056
225,Al-Quaim Exchange Company Ltd.,300620057
226,Habib Qatar International Exchange (Pvt) Ltd,300620058
227,SIBL Exchange Ltd.,300620059
228,Aftab Exchange Company Ltd.,300620061
229,Gohar Exchange Company Ltd.,300620062
230,Ravi Exchange Company Ltd.,300620063
231,D.D EXCHANGE COMPANY PVT LTD,300620064
232,"H & H Exchange Company (Pvt.) Ltd.,",300620065
233,HBL Exchange Currency ( Pvt) Ltd,300620066
234,"Money Link Exchange (Pvt) Ltd.,",300620067
235,"PBS Exchange Company (Pvt.) Ltd.,",300620068
236,"Link international  Exchange Company (Pvt.) Ltd.,",300620069
237,SADIQ Exchange Company (Pvt.) Ltd,300620070
238,ZQ Exchange,300620071
239,Khaleej Exchange Company-B,300620072
240,Captal Exchange Company -B (Pvt) Ltd.,300620073
241,Others - Exchange Companies,300620999
242,Central Depository Company of Pakistan Limited,300710001
243,"Islamabad Stock Exchange,",300710002
244,"Karachi Stock Exchange,",300710003
245,"Lahore Stock Exchange,",300710004
246,AMZ Securities (Private) Limited,300810001
247,BMA Capital Management Limited,300810002
248,Continental Capital Management (Pvt) Ltd,300810003
249,Elixir Securities Pakistan (Private) Limited,300810004
250,Finex Securities Limited,300810005
251,Global Securities Pakistan Limited,300810006
252,Invest Capital & Securities (Pvt) Ltd,300810007
253,Jahangir Siddiqui Capital Markets (Pvt.) Ltd.,300810008
