Institution,Code
Abandoned Properties Organization,101100001
Academy of Education Planning & Management,101100002
Agricultural Census Organization,101100003
"Agricultural Livestock Products, Marketing & Grading Department",101100004
Agricultural Prices Commission,101100005
Agricultural Research Division,101100006
Airports Security  Force,101100007
"Allama Iqbal Open University, Islamabad",101100008
Animal Quarantine Department,101100009
Anti Narcotics Force,101100010
"Applied Economics Research Centre, University of Karachi",101100011
Appropriate Technology Development Organisation,101100012
"Area Study Centre, Quaid-E-Azam University",101100013
"Area Study Centre, University of Balochistan",101100014
"Area Study Centre, University of Karachi",101100015
"Area Study Centre, University of Peshawar",101100016
"Area Study Centre, University of Punjab",101100017
"Area Study Centre, University of Sindh",101100018
"Pakistan Atomic Energy Commission, Islamabad",101100019
Auditor General of Pakistan,101100020
Authority For Preservation of Moenjodaro,101100021
Aviation Division,101100022
Azad Kashmir University,101100023
"Bahauddin Zakariya University, Multan",101100024
"Balochistan University, Quetta",101100025
"Banking & Finance Service Commission, Islamabad",101100026
"Board of Advancement of Literature, Lahore",101100027
Bureau of Emigration & Overseas Employment,101100028
Cabinet Division,101100029
Cabinet Secretariat,101100030
Cantt / Garrison Directorate,101100031
"Cement Research & Development Institute,Lahore",101100032
Central Board of Film Censors,101100033
Federal Board of Revenue,101100034
Central Bureau of Education,101100035
Central Copyright Office,101100036
Central Inspectorate of Mines,101100037
Central Jail Staff Training Institute,101100038
Central Testing Laboratories,101100039
"Centre For Clinical Psychology, Lahore",101100040
Centre of Clinical Biology,101100041
"Centre of Excellence in Analytical Chemistry, University of Sindh",101100042
"Centre of Excellence in Geology, Peshawar",101100043
Centre of Excellence in Labour Administration & Training,101100044
"Centre of Excellence in Mar-Biol, University of Karachi",101100045
"Centre of Excellence in Mines, University of Balochistan",101100046
"Centre of Excellence in Physical Chemistry, University of Peshawar",101100047
"Centre of Excellence in Solid State Physics, Punjab University",101100048
"Centre of Excellence in W/R Eng. University of Engineering, Lahore",101100049
"Chairman of Inter Board Committee, Islamabad",101100050
Chief Coordinator (R&R) and Chief Commissionerate Afghan Refugees,101100051
"Chief Coordinator of computerization (Customs, Central Excise & Sales Tax",101100052
Chief Coordinator of computerization (Income Tax),101100053
Chief Engineer Adviser/Chairman Flood Commission,101100054
Civil Defence Department,101100055
Civil Services Academy,101100056
Collectorates of Central Excise Duty,101100057
Collectorates of Customs,101100058
Collectorates of Sales Tax / Income Tax / Wealth Tax,101100059
College of Physicians & Paramedical Sciences,101100060
College of Physicians & Surgeons,101100061
"Commission For Islamization of Economy, Islamabad",101100062
Commissioners of Income Tax,101100063
"Computer Training Centre, Islamabad",101100064
Controller Air force Accounts,101100065
Controller Military Accounts,101100066
Controller Naval Accounts,101100067
Securities & Exchange Commission of Pakistan,101100068
Cotton Board,101100069
"Council of Islamic Ideology, Islamabad",101100070
Council of Works & Housing Research,101100071
Culture & Sports Division,101100072
"Curriculum Research & Development Centre, Lahore",101100073
Custodian of Enemy Property,101100074
Dawood College of Engineering & Technology,101100075
Defence Division,101100076
Department of Archaeology & Museums,101100077
Department of Archives,101100078
Department of Communication Security,101100079
Department Of Controller Of Insurance,101100080
Department of Explosives,101100081
Department of Libraries,101100082
Department of Petroleum and Energy Resources,101100083
Department of Plant Protection,101100084
Department of Shipping Control and Mercantile Marine,101100085
Department of Stationery & Forms,101100086
Department of Supplies,101100087
Department of Tourist Services,101100088
Director General of Food,101100089
Director General of Gas,101100090
Director General of Intelligence & Investigation (Customs & Excise),101100091
Director General of New & Renewable Energy Resources,101100092
Director General of Oil,101100093
Director General of Petroleum Concessions,101100094
Director General Staff Welfare,101100095
"Director General, Federal Seed Certification Department",101100096
"Director General, Fertilizer Imports Department",101100097
"Director General, Pakistan Forest Institute",101100098
Directorate of Accounts,101100099
Directorate of Central Health Establishment,101100100
Directorate of Films & Publications,101100101
Directorate of Malaria Control,101100102
Directorate of Research & Reference,101100103
Directorate of Research and Statistics,101100104
Directorate of T. B. Control,101100106
Directorate of Workers Education,101100107
Directorate of Works Education,101100108
Drug Abuse Prevention  Resource Centre,101100109
Economic Affairs Division,101100110
"Election Commission of Pakistan, Islamabad",101100111
Employees Old Age Benefit Institution,101100112
Energy Wing,101100113
Environment and Urban Affairs Division,101100114
Establishment Division,101100115
Estate Office (Management),101100116
Evacuee Trust Property Board,101100117
Experts Advisory Cell,101100118
Trade Development Authority,101100119
External Publicity Wing,101100120
"Fatima Jinnah Women University, Rawalpindi",101100121
Federal Academy of Ideology of Pakistan,101100122
"Federal Board of Intermediate & Secondary Education, Islamabad",101100123
Federal Bureau of Statistics,101100124
Federal Directorate of Education,101100125
Federal Employees' Benevolent Fund and Group Insurance,101100126
Federal Government Educational Institutions,101100127
Federal Government Libraries,101100128
Federal Government Schools/Colleges,101100129
Federal Govt. Employees Immunigration Fund,101100130
"Federal Govt. Services Hospital, Isl. (Attached Dispensaries at Isl./Rwp.",101100131
Federal Govt. Urdu Arts College,101100132
Federal Govt. Urdu Science College,101100133
Federal Inspectorate General Development Projects,101100134
"Federal Institute of Education & Research, Islamabad",101100135
Federal Investigation Agency,101100136
Federal Judicial Academy,101100137
"Federal Land Commission, Islamabad",101100138
Federal Public Service Commission,101100139
Federal Rural Development Engineering Cell,101100140
Federal Service Tribunal,101100141
Federal Shariat Court of Pakistan,101100142
Federal Water Management Cell,101100143
Finance Division,101100144
Food & Vegetables Development Board,101100145
Foreign Services Training Institute,101100146
Frontier Constabulary,101100147
Frontier Corps,101100148
Frontier Works Organization,101100149
"G. I. Khan Research & Technology Institute, Topi",101100150
"Gomal University, Dera Ismail Khan",101100151
Hajj Deposits,101100152
Health Division,101100153
"Hej Research Institute of Chemistry, Karachi",101100154
Hydrocarbon Development Institute of Pakistan,101100155
Immigration & Passports,101100156
Implementation  Tribunal For Newspaper Employees,101100157
Indus Basin Tarbella Development Fund,101100158
"Industrial Technical Assistance Centre, Pakistan",101100159
Information and Broadcasting Division,101100160
"Information Services Academy, Islamabad",101100161
Inspection & Audit (Income Tax),101100162
"Inspection & Training (Custom, Central Excise & Sales Tax)",101100163
Inspectorate of Drugs,101100164
Institute For Agriculture & Nuclear Biology,101100165
"Institute of Arabic & Islamic Studies, Islamabad",101100166
Institute of Bankers In Pakistan,101100167
"Institute of Business  Administration, Karachi",101100168
Institute of Chartered Accountants,101100169
Institute of Cost & Management Accountants of Pakistan,101100170
Institute of Education,101100171
Institute of Educational Technology,101100172
Institute of Engineers of Pakistan,101100173
Institute of Foreign Trade of Pakistan,101100174
Institute of Industrial Relation & Workers' Education,101100175
"Institute of Nuclear Anatomy Research, Larkana",101100176
Institute of Nuclear Medicines & Oncology,101100177
"Institute of Promotion of Science, Education & Training",101100178
Institute of Pure and Applied Physics,101100179
Institute of Regional Studies,101100180
Institute of Strategic Studies,101100181
"Institute of Training of National Savings, Islamabad",101100182
Intelligence Bureau,101100183
Inter Provincial Co-Ordination Division,101100184
Interior Division,101100185
"International Islamic University, Islamabad",101100186
"International Sedimentation, Water Logging & Sanitation",101100187
Investment Promotion Bureau,101100188
"Iqbal Academy, Lahore",101100189
Islamabad Capital Territory,101100190
Islamabad College For  Girls,101100191
Islamabad Model College For Boys,101100192
Islamabad Model College For Girls,101100193
"Islamia University, Bahawalpur",101100194
"Islamic Research Institute, Islamabad",101100195
Jawaid Azfar Computer Centre,101100196
Jinnah Post Graduate Medical Centre (JPMC),101100197
Kahuta Research Laboratories (K.R.L.),101100198
Karachi Nuclear Power Plant (KANUPP),101100199
Karachi University,101100200
Labour Division,101100201
Labour Welfare Commission,101100202
Law And Justice Division,101100203
Leather Industries & Development Organization,101100204
Leather Products Development Centre,101100205
Literacy & Mass Education Commission,101100206
Live Stock Division,101100207
Management Services Division,101100208
Manpower & Overseas Pakistanis Division,101100209
Marine Fisheries Department,101100210
Maritime Security Agency,101100211
Markazi Urdu Science Board,101100212
Mass Literacy Commission,101100213
Quaid-Awam University of Science & technology (Old Name : Mehran Universi,101100214
Metal Industrial Research & Development Centre,101100215
Ministry of Commerce,101100216
Ministry of Communications,101100217
"Ministry of Culture, Sports & Youth Affairs",101100218
Ministry of Defence,101100219
Ministry of Education,101100220
Ministry of Finance & Revenue,101100221
"Ministry of Food, Agriculture & Livestocks",101100222
Ministry of Foreign Affairs,101100223
Ministry of Health,101100224
Ministry of Housing and Works,101100225
"Ministry of Industries, Production & Special Initiatives",101100226
Ministry of Information and Broadcasting,101100227
Ministry of Interior,101100228
Ministry of Kashmir Affairs and Northern Affairs,101100229
"Ministry of Labour, Manpower & Overseas Pakistanis",101100230
"Ministry of Law, Justice & Human Rights",101100231
Ministry of Local Government And Rural Development,101100232
Ministry of Minorities Affairs,101100233
Ministry of Petroleum & Natural Resources,101100234
Ministry of Planning and Development,101100235
Ministry of Population Welfare,101100236
Ministry of Railways,101100238
"Ministry of Religious Affairs, Zakat & Ushr",101100239
Ministry of Science & Technology,101100240
Ministry of States & Frontier Regions,101100241
Ministry of Water and Power,101100242
Ministry of Women Development,101100243
Monopoly Control Authority,101100244
Municipal Training Research Institute,101100245
Muqtadira Qaumi Zuban,101100246
"National Academy For Higher Education, Islamabad",101100247
Narcotics Control Division,101100248
National Agricultural Research Centre,101100249
National Assembly Accounts,101100250
National Assembly Secretariat,101100251
National Book Council of Pakistan,101100252
"National Centre For Rural Development, Islamabad",101100253
National Centre For Transfer of Technology,101100254
National Centre of Excellence in Molecular Biology  (CEMB),101100255
Pakistan National Centre,101100256
National College of Arts,101100257
National College of Textile Engineering,101100258
National Commission For Child Welfare and Development,101100259
"National Commission of Education & Training, Islamabad",101100260
National Council For Rehabilitation of Disabled Persons,101100261
"National Council for Conservation of Wild Life, Islamabad",101100262
National Council of Homeopathy,101100263
National Council of Social Welfare,101100264
"National Council of Tib, Islamabad",101100265
National Documentation Centre,101100266
"National Education Council, Islamabad",101100267
National Educational Equipment Centre,101100268
National Electric Power Regulatory Authority(NEPRA),101100269
National Energy Conservation Centre (ENERCON),101100270
"National Finance Commission, Islamabad",101100272
National Highway Authority,101100273
National Hijra Council,101100274
National Industrial Relations Commission (NIRC),101100275
National Institute of Information Technology,101100276
"National Institute For Special Education, Islamabad",101100277
National Institute of Cardiovascular Diseases,101100278
National Institute of Child Health,101100279
National Institute of Culture & Sports,101100280
National Institute of Electronics,101100281
National Institute of Folk & Traditional Heritage,101100282
"National Institute of Health, Islamabad",101100283
National Institute of Historical & Cultural Research,101100284
National Institute of Malaria Research & Training,101100285
National Institute of Medicine Oncology & Radiotherapy,101100286
National Institute of Modern Languages,101100287
National Institute of Oceanography,101100288
National Institute of Pakistan Studies,101100289
National Institute of Population Studies,101100290
"National Institute of Power, Lahore",101100291
National Institute of Psychology,101100292
National Institute of Public Administration,101100293
National Institute of Science & Technology,101100294
National Institute of Silicon Technology,101100295
National Institute of Sports & Culture,101100296
National Language Authority,101100297
"National Language Institute, Islamabad",101100298
National Leprosy Control Board,101100299
National Mass Transit Authority,101100300
"National Museum of Science & Technology, Lahore",101100301
National Police Academy,101100302
National Research Institute of Fertility Control,101100303
National Research Institute of Reproductive Physiology,101100304
National Saving Centre,101100305
National Seed Registration Department,101100306
"National Sports Training & Coaching Centre, Lahore",101100307
National Talent Pool,101100308
"National Tariff Commission, Islamabad",101100309
National Training Bureau,101100310
"National Training Development Institute, Islamabad",101100311
National Transport Research Centre,101100312
National Trust of Disabled Persons,101100313
National Zakat Foundation,101100314
"NED University of Engineering & Technology, Karachi",101100315
"Office of Chief Commissioner, Northern Areas, Gilgit",101100317
"Office of Judicial Commissioner, Northern Areas, Gilgit",101100318
Office of The Surveyor General of Pakistan,101100319
Overseas Workers Foundation,101100320
Pakistan Housing Authority,101100321
Pakistan Academy For Rural Development,101100322
"Pakistan Academy of Letters, Islamabad",101100323
"Pakistan Academy of Sciences, Islamabad",101100324
"Pakistan Administrative Staff College, Lahore",101100325
Pakistan Agricultural Research Council,101100327
Pakistan Armed Services Board Secretariat,101100328
Pakistan Baitul Mal (PBM),101100329
Pakistan Central Cotton Committee,101100330
Pakistan Coast Guards,101100331
Pakistan Commissioner for Indus Water (PCIW),101100332
Pakistan Computer Bureau,101100333
Pakistan Council For Science & Technology,101100334
"Pakistan Council of Appropriate Technology, Islamabad",101100335
Pakistan Council of Research in Water Resources,101100336
Pakistan Council of Scientific & Industrial Research (PCSIR),101100337
Pakistan Cricket Board,101100338
Pakistan Design Institute,101100339
Pakistan Engineering Council,101100340
Pakistan Environmental Planning and Archaeological Council,101100341
Pakistan Environment Planning & Architectural Consultants Ltd.,101100342
Pakistan Environmental Protection Agency (PEPA),101100343
Pakistan Forest Institute,101100344
Pakistan Hockey Federation,101100345
Pakistan Institute of Archaeological Training & Research,101100346
"Pakistan Institute of Development Economics, Islamabad",101100347
Pakistan Institute of Entrepreneurship Training,101100348
Pakistan Institute of Finance And Trade,101100349
Pakistan Institute of International Affairs,101100350
"Pakistan Institute of Management, Karachi",101100351
"Pakistan Institute of Medical Sciences, Islamabad",101100352
"Pakistan Institute of National Affairs, Lahore",101100353
Pakistan Institute of Nuclear Science,101100354
"Pakistan Institute of Statistical Training, Lahore",101100355
Pakistan Institute of Tourism & Hotel Management,101100356
Board of Investment,101100357
Pakistan Law Commission,101100358
Pakistan Manpower Institute,101100359
Pakistan Marine Academy,101100360
Pakistan Medical & Dental Council,101100361
Pakistan Medical Research Council,101100362
Pakistan Meteorological Department,101100363
Pakistan Mint,101100364
Pakistan Movement Museum,101100365
Pakistan Museum of National History,101100366
Pakistan Narcotics Control Board,101100367
Pakistan National Council of The Arts,101100368
Pakistan Nursing Council,101100369
Pakistan Oilseeds Development Board,101100370
Pakistan Public Works Department,101100371
Pakistan Rangers,101100372
Pakistan Science Foundation,101100373
Pakistan Space & Upper Atmosphere Research Commission,101100374
Pakistan Sports Board,101100375
Pakistan Standards Institute,101100376
"Pakistan Study Centre, University of Balochistan",101100377
"Pakistan Study Centre, University of Karachi",101100378
"Pakistan Study Centre, University of Peshawar",101100379
"Pakistan Study Centre, University of Punjab",101100380
"Pakistan Study Centre, University of Sindh",101100381
Pakistan Textile Crafts Development Organisation,101100382
Pakistan Tobacco Board,101100383
Peoples Program,101100384
Peshawar University,101100385
Pharmacy Council of Pakistan,101100386
Planning and Development Division,101100387
Population Census Organization,101100388
"Poultry Development Centre, Rawalpindi",101100389
President Secretariat (Public/Personnel),101100390
Press Information Department,101100391
Prime Minister's Inspection Commission,101100392
Prime Ministers Secretariat (Public/Internal),101100393
Private Power & Infrastructure Board,101100394
Private Power Cell (PPC),101100395
"Privatization Commission, Islamabad",101100396
Provincial Sports Committee,101100397
Quaid-E-Azam Academy,101100398
"Quaid-E-Azam Mazar Management Board, Karachi",101100399
Quaid-E-Azam Memorial Fund,101100400
"Quaid-E-Azam University, Islamabad",101100401
Razmak Cadet College,101100402
Regional Commissioners of Income Tax,101100403
"Regional Offices, Ministry of Local Government & Rural Development",101100404
Registration Organization,101100405
Revenue Division,101100406
Secretariat Training Institute,101100407
Senate Accounts,101100408
Senate Secretariat,101100409
"Shah Abdul Latif Bhatai University, Khairpur",101100410
"Sharia Academy, Islamabad",101100411
Sheikh Zayed Post Graduate Medical Institute,101100412
"Sindh Agriculture University, Tandojam",101100413
"Sindh Madressah Tul-Islam, Karachi",101100414
"Sindh University, Jamshoro",101100415
Software Export Board,101100416
Special Banking Courts,101100417
Special Communication Organization,101100418
Special Courts/Tribunals,101100419
Special Education and Social Welfare Division,101100420
States and Frontier Regions Division,101100421
Statistics Division,101100422
Surface Water Hydrology,101100423
T. B. Centre Rawalpindi,101100424
Technical Assistance Project (Tap Cell),101100425
Textile Industry Research & Development Centre,101100426
Textile Quota Management Directorate,101100427
The Assistant Drugs Controller,101100428
"The Controller, Patents & Designs",101100429
The Directorate General of Minerals,101100430
The Directorate of Clinical Training,101100431
The Geological Survey of Pakistan,101100432
The Punjab University,101100434
Tourism Division,101100435
Trade Mark Registry,101100436
"Training Centre, KANUPP",101100437
Higher Education Commission (University Grants Commission),101100438
"University of Agriculture, Faisalabad",101100439
"University of Agriculture, Peshawar",101100440
"University of Arid Agriculture, Rawalpindi",101100441
"University of Engineering & Technology, Lahore",101100442
"University of Engineering & Technology, Peshawar",101100443
"University of Science & Technology, Rawalpindi",101100444
Urdu Dictionary Board,101100445
"Urdu Science Board, Lahore",101100446
Veterinary Research Institute Lahore,101100447
Workers' Welfare Board,101100448
Workers Welfare Fund,101100449
Works Division,101100450
Youth Affairs Division,101100451
Zoological Survey Department,101100452
Parliamentary Affairs Division,101100453
National Accountability Bureau,101100454
National Database & Registration Authority,101100455
Supreme Court of Pakistan,101100456
High Courts,101100457
Civil Armed Forces,101100458
Combined Military Hospital,101100459
Directorate Hajj (Hajj Wing),101100460
Directorate of Dock Workers Safety (DDWS),101100461
Education Department,101100462
E-Govt Directorate,101100463
Emergency Relief Cell,101100464
Engineering Development Board (EDB),101100465
Field Organization List & Main Task,101100466
Frequency Allocation Board (FAB),101100467
Military Lands & Cantonment Departments,101100469
Ministry of Economic Affairs & Statistics,101100470
Ministry of Environment,101100471
Ministry of Information Technology,101100472
Ministry of Narcotics Control,101100473
Ministry of Parliamentary Affairs,101100474
Ministry of Ports and Shipping,101100475
Ministry of Privatization,101100476
Ministry of Social Welfare and Special Education,101100477
Ministry of Textile Industry,101100478
Ministry of Tourism,101100479
National Commission for Human Development,101100480
National Fund for Cultural Heritage (NFCH),101100481
Nuclear Institute of Food and Technology,101100482
Pakistan National Accredation Council (PNAC),101100483
Pakistan Nuclear Regulatory Authority,101100484
Pakistan Planning & Management Institute,101100485
Pakistan Military Accounts Department,101100486
Political Agents,101100487
Textile Commissioners Organization (TCO),101100488
Threadline Gallery of Pakistan,101100489
Central Cotton Research Institute,101100490
Centre For Applied & Molecular Biology (Camb),101100491
Dawah & Ziarat Wing,101100492
"Balochistan University of Information Technology & Management Sciences, Q",101100493
Ecotourism Society Pakistan (ESP),101100494
"Federal Urdu University of Arts, Sciences and Technology",101100495
Institute of Radiology and Nuclear Medicine,101100496
National Alien Registration Authority,101100497
National Institute of Labour Administration Training (NILAT),101100498
National Institute of Biology and Genetic Engineering,101100499
National Productivity Organization (NPO),101100500
National University of Science & Technology (NUST),101100501
Pakistan Council of Renewable Energy Technologies (PCRET),101100502
PAK-Swiss Precision Mechanics & Instrument Centre,101100503
"University of Engineering & Technology, Texila",101100505
Virtual University,101100506
Ministry of Defence Production,101100507
Pakistan Squash Federation,101100508
National Law University,101100509
Sardar Bahadur Khan University,101100510
Kohat University of Science & Technology,101100511
Other Federal Government Institutes,101100999
Azad Kashmir Logging & Saw Mills Corporation,102210001
B.I.S.E - Azad Kashmir,102210002
"Mirpur Development Authority, Azad Kashmir",102210003
"Public Works Department, Azad Kashmir",102210387
"Mineral & Industrial Dev. Corporation (MIDC), Azad Kashmir",102210388
"Food Department, Azad Kashmir",102210389
"Revenue Board, Azad Kashmir",102210390
"Auqaf Department, Azad Kashmir",102210391
"Bagh Development Authority, Azad Kashmir",102210392
"Central Zakat Fund, Azad Kashmir",102210393
"Chairman Local Zakat Committee, Azad Kashmir",102210394
"Chairman Municipal Committee, Azad Kashmir",102210395
"Custodian Evacuee Properties, Azad Kashmir",102210396
"Education Department, Azad Kashmir",102210397
"Forest Department, Azad Kashmir",102210398
"Hydro Electric Board, Azad Kashmir",102210399
"Muzaffarabad Development Authority, Azad Kashmir",102210400
"Pearl Development Authority, Rawalakot, Azad Kashmir",102210401
Azad Kashmir Supreme Court,102210402
Azad Kashmir High Court,102210403
Collector of Land Acquisition,102210409
Deputy Commissioner Azad Kashmir,102210410
Senior Member Board of Revenue,102210411
Director General Agriculture,102210412
"Accountant General, Azad Kashmir",102210413
Assistant Commissioner Rawalkot A.K.,102210414
Relief Commissioner Azad Kahmir,102210415
"Director Health, A.K.",102210416
Director Social Welfare A.K.,102210417
Commissioner Mangla Dam Affairs (Mangla Uprising Project),102210418
Other Azad Kashmir Government Institutes,102210999
"Agriculture and Co-Operatives Department, Balochistan",102220004
B.I.S.E - Quetta,102220005
Balochistan Development Authority,102220006
"Balochistan Engineering College, Khuzdar",102220007
Balochistan Sports Board,102220008
Balochistan Text Book Board,102220009
"Board of Revenue, Balochistan",102220010
Bolan Mining Enterprises,102220011
"Chief Engineer (Design), Balochistan",102220012
"Chief Engineer Communication & Works, Balochistan",102220013
"Chief Engineer Irrigation, Balochistan",102220014
Chief Ministers Secretariat Balochistan,102220015
"Commissioners/Deputy Commissioners, Balochistan",102220016
"Communication and Works Department, Balochistan",102220017
"Director Agriculture Engineering, Balochistan",102220018
"Director Agriculture Planning, Balochistan",102220019
"Director Agriculture Research, Balochistan",102220020
"Director Bureau of Curriculum and Extension Centre, Balochistan",102220021
"Director General Agriculture and Cooperatives Department, Balochistan",102220022
"Director General Local Government, Balochistan",102220023
"Director Industries Department, Balochistan",102220024
"Director Irrigation Extension Department, Balochistan",102220025
"Director Mineral Resources Development, Balochistan",102220026
Director Small Industries Balochistan,102220027
"Directorate of Education Colleges, Balochistan",102220028
"Directorate of Education Schools, Balochistan",102220029
"Directorate of Technical Education, Balochistan",102220030
"Education Department, Balochistan",102220031
"Executive Engineer (B & R) Division, Balochistan",102220032
"Executive Engineer (E & P), Balochistan",102220033
"Executive Engineer Construction Division, Balochistan",102220034
Executive Engineer Gas Communication and Works Department,102220035
Executive Engineer Maintenance Division,102220036
"Executive Engineer Project Division, Balochistan",102220037
Executive Engineer Workshop Division,102220038
"Fisheries Department, Balochistan",102220039
"Food Department, Balochistan",102220040
"Forest Department, Balochistan",102220041
"Government Colleges, Balochistan",102220042
"Government Schools, Balochistan",102220043
"Government Vocational Institutes, Balochistan",102220044
"Health Department, Balochistan",102220045
"Home Department, Balochistan",102220046
"Industries Department, Balochistan",102220047
"Information Department, Balochistan",102220048
"Inspector General of Police, Balochistan",102220049
"Irrigation and Power Department, Balochistan",102220050
"Labour and Manpower Department, Balochistan",102220051
Lasbela Development Authority,102220052
"Law Department, Balochistan",102220053
"Local Government Department, Balochistan",102220054
"Planning and Development Department, Balochistan",102220055
"Project Directors, Balochistan",102220056
"Public Health Engineering Department, Balochistan",102220057
Quetta Development Authority,102220058
"Secretary Agriculture and Co-Operative Department, Balochistan",102220059
"Secretary Communication and Works Department, Balochistan",102220060
"Secretary Education Government, Balochistan",102220061
"Secretary Home Department, Balochistan",102220062
"Secretary Industries Department, Balochistan",102220063
"Secretary Irrigation and Power Department, Balochistan",102220064
"Secretary Local Government Department, Balochistan",102220065
"Services and General Administration Department, Balochistan",102220066
"Sports and Culture Department, Balochistan",102220067
"Superintending Engineer B & R, Balochistan",102220068
"Superintending Engineer E&M Circle, Balochistan",102220069
"Superintending Engineer Maintenance Circle, Balochistan",102220070
"Superintending Engineer P&D Cell C&W, Balochistan",102220071
"Urban Planning Department, Balochistan",102220072
"Zakat and Social Welfare Department, Balochistan",102220073
"Ziarat Valley Development Authority, Balochistan",102220074
"Finance Department, Balochistan",102220382
"Water And Sanitation Authority, Balochistan",102220405
Balochistan Education Foundation,102220412
Livestock Department,102220413
Gawadar Development Authority,102220414
Other Balochistan Government Institutes,102220999
Abbottabad Development Authority,102230077
"Administrator, Auqaf Department, NWFP",102230078
"Agricultural Development Authority, NWFP",102230079
"Agriculture Department, NWFP",102230080
B.I.S.E - Abbottabad,102230081
B.I.S.E - Peshawar,102230082
B.I.S.E - Saidu Sharif,102230083
"Board of Revenue, NWFP",102230084
"Chairman, Workers Welfare Board, NWFP",102230085
"Chief Minister's Secretariate, NWFP",102230086
"Collector Land Acquisition (Bor), NWFP",102230087
"Commerce and Mineral Development Department, NWFP",102230088
"Commissioners/Deputy Commissioners, NWFP",102230089
"Communication and Works Department, NWFP",102230090
"Director Agriculture Research Institute, Peshawar",102230091
"Director General Project Management Unit, Peshawar",102230092
"Directorate of Education Colleges, NWFP",102230093
"Directorate of Education Schools, NWFP",102230094
"Directorate of Labour Welfare, NWFP",102230095
"Directorate of Livestock and Dairy Development, Peshawar",102230096
"Directorate of Manpower and Training, Peshawar",102230097
"Directorate of Social Welfare, Peshawar",102230098
"Directorate of Sports Board, NWFP",102230099
"Directorate of Technical Education, NWFP",102230100
"Education Department, NWFP",102230101
"Frontier Education Foundation, NWFP",102230102
"Government Colleges, NWFP",102230103
"Government Schools, NWFP",102230104
"Government Vocational Institutes, NWFP",102230105
Gulyat Development Authority,102230106
Hazara Development Authority,102230107
Hazara Hill Tracts Improvement Trust,102230108
"Health Department, NWFP",102230109
"Home Department, NWFP",102230110
"Industries Department, NWFP",102230111
"Information, Sports & Tourism Department, NWFP",102230112
Kohat Development Authority,102230113
"Labour and Transport Department, NWFP",102230114
"Law Department, NWFP",102230115
"Local Government Department, NWFP",102230116
"Local Govt. & Rural Development Department, NWFP",102230117
Malakand Division Development Authority,102230118
"Managing Director, Provincial Urban Development Board, Peshawar",102230119
"Managing Director, Small Industries Development Board, Peshawar",102230120
Mardan Development Authority,102230121
N.W.F.P Forest Development Corporation,102230122
N.W.F.P Small Industries Development Board,102230123
N.W.F.P Sports Board,102230124
N.W.F.P Text Book Board,102230125
N.W.F.P. Employees' Social Security Institute,102230126
"Pak German Wood Working Centre, Peshawar",102230127
Peshawar Development Authority,102230128
Physical Planning & Housing Department,102230129
"Project Director Tamer-I-Watan Programme, NWFP",102230130
"Pushto Adabi Board, NWFP",102230131
Sarhad Development Authority (SDA),102230132
Sarhad Industrial Development Board,102230133
Sarhad Minerals Ltd.,102230134
SDA-Bricks & Tiles Project D.I.Khan,102230135
SDA-Chitral Antimony Mining Project,102230136
SDA-Chitral Metallogenic Mineral Exploration Project,102230137
SDA-Cold Storage & Ice Plant,102230138
SDA-Dir Copper Project,102230139
SDA-Goitre Control Project,102230140
SDA-Hazara Phosphate Exploration Project,102230141
"SDA-Industrial Estate, Gadoon",102230142
"SDA-Industrial Estate, Hattar",102230143
"SDA-Industrial Estate, Peshawar",102230144
SDA-Kakul Phosphate Mining,102230145
SDA-Khazana Distillary Plant,102230146
SDA-Khazana Sugar Mills,102230147
SDA-Kohistan Lead Zink Min.Explo. Project,102230148
SDA-Malakand Chromite Depo. Explo. Project,102230149
SDA-Mdw Syanite Project,102230150
"SDA-Mineral Testing Laboratories,Hayatabad",102230151
"SDA-Survey Inv. Mineral Bearing Areas, Peshawar",102230152
"Zakat and Social Welfare Department, NWFP",102230153
"Finance Department, NWFP",102230383
"Food Department, NWFP",102230384
"B.I.S.E - Bannu, NWFP",102230406
"B.I.S.E - Kohat, NWFP",102230407
"Police Training Centre Hangu, NWFP",102230408
"Directorate of Special Education, NWFP",102230409
Forest Department NWFP,102230410
Elementary Education Foundation,102230411
Mansehra Development Authority,102230412
Other NWFP Government Institutes,102230999
"A.T.C. Ferozewala, Lahore",102240156
Agriculture (Extension) Punjab,102240157
Agriculture Department (Punjab),102240158
"Assistant Director Reclamation and Probation, Punjab",102240159
"Assistant Directors Local Govt. & Rural Development, Punjab",102240160
"Ayub Agricultural Research Institute, Punjab",102240161
B.I.S.E - Bahawalpur,102240162
B.I.S.E - Gujranwala,102240163
B.I.S.E - Lahore,102240164
B.I.S.E - Multan,102240165
B.I.S.E - Rawalpindi,102240166
B.I.S.E - Sargodha,102240167
"Board of Revenue, Punjab",102240168
"Chief Minister's Secretariat, Punjab",102240169
"Chief Statistician, Headquarters Office, Lahore",102240170
"Commissioners/Deputy Commissioners, Punjab",102240171
"Communication and Works Department, Punjab",102240172
Dera Ghazi Khan Development Authority,102240173
"Development Cell For Skilled Labour Training, Punjab",102240174
Director Civil Defence,102240175
Auqaf Department,102240176
"Director General Katchi Abadis, Lahore",102240177
"Director General Public Relations, Punjab",102240178
"Director General Sports, Punjab",102240179
"Director Labour Welfare, Punjab",102240180
"Director Local Government & Rural Development, Punjab",102240181
"Director of Industries, Multan",102240182
"Director Special Education, Punjab",102240183
"Director Staff Development, Punjab",102240184
"Director Technical Education, Punjab",102240185
"Directorate of Education Colleges, Punjab",102240186
"Directorate of Education Schools, Punjab",102240187
"Directorate of Technical Education, Punjab",102240188
"Economic Research Institute, Punjab",102240189
"Education Department, Punjab",102240190
Faisalabad Development Authority,102240192
"Fatima Jinnah Medical College, Lahore",102240193
"Fisheries Department, Punjab",102240194
"Food Department, Punjab",102240195
"Forest Department, Punjab",102240196
"Forestry Wildlife & Tourism Department, Punjab",102240197
"Government Colleges, Punjab",102240198
"Government Schools, Punjab",102240199
"Government Vocational Institutes, Punjab",102240200
"Government Wool Spinning and Weaving Centre, Jhang",102240201
Gujranwala Development Authority,102240202
"Health Department, Punjab",102240203
"Home Department, Punjab",102240204
"Housing, Urban Development & Public Health Engineering Department, Punjab",102240205
"Industries, Commerce  & Investment Department, Punjab",102240206
"Information, Culture & Youth Affairs Department, Punjab",102240207
"Inspector General of Police, Punjab",102240208
"Institute of Cardiology, Punjab",102240209
"Institute of Forestry, Faisalabad",102240210
"Irrigation and Power Department, Punjab",102240211
"Jinnah Hospital, Lahore",102240212
"Labour & Human Resource Department, Punjab",102240213
"Labour Department, Punjab",102240214
"Lahore Arts Council, Punjab",102240215
Lahore Development Authority,102240216
Lahore Metropolitan Corporation,102240217
"Display Structure Lahore Museum, Lahore",102240218
"Lahore Zoo, Lahore",102240219
"Law and Parliamentary Affairs Department, Punjab",102240220
"Livestock and Dairy Development Department, Punjab",102240221
"Local Government and Rural Development Department, Punjab",102240222
"Managing Director Education Foundation, Punjab",102240223
"Medical  Faculty, Lahore",102240224
Multan Development Authority,102240225
Murree Development Authority,102240227
Punjab Employees Social Security Institute,102240229
"Pakistan Girl Guides Association, Punjab",102240230
Pidb-Punjab Industrial Development Board,102240233
"Planning and Development Department, Punjab",102240234
"Population Welfare Department, Punjab",102240235
"Printing and Stationery Department, Punjab",102240236
"Provincial Board of Management Workers Children Education, Lahore",102240237
"Provincial Training Board, Punjab",102240238
"Punjab Agricultural Development & Supplies Corporation, Lahore",102240239
"Punjab Agriculture Research Institute, Faisalabad",102240240
"Punjab Board of Technical Education, Lahore",102240241
Punjab Boy Scouts Association,102240242
"Punjab Council for Rehabilitation of Disabled Persons, Lahore",102240243
Punjab Council of Arts,102240244
"Punjab Dental College, Lahore",102240245
"Punjab Economic Research Institute, Lahore (PERI)",102240246
Punjab Flour Milling Corporation,102240247
"Punjab Government Servants Benevolent Fund, Lahore",102240248
"Punjab Highways Authority, Lahore",102240249
"Punjab Land Utilization Authority, Lahore",102240250
Punjab Mineral Development Corporation,102240252
"Punjab Pharmacy Council, Lahore",102240253
"Punjab Privatization Board, Lahore",102240254
Punjab Public Library,102240255
"Punjab Public Service Commission, Lahore",102240256
Punjab Seed Corporation,102240258
Punjab Small Industries Corporation,102240259
Punjab Social Services Board,102240260
"Punjab Special Education Services Board, Lahore",102240261
Punjab Sports Board,102240262
Punjab Text Book Board,102240263
Punjab Tourism Development Corporation,102240264
Punjab Transport Authority,102240265
Punjab Vocational Training Council,102240266
Punjab Welfare Trust for Disabled Persons,102240267
"Quaid-E-Azam Library, Bagh-E-Jinnah, Lahore",102240268
Rawalpindi Development Authority,102240269
"Rice Research Institute, Kala Shah Kako",102240270
"Salinity Research Institute, Lahore",102240271
Sargodha Improvement Trust,102240272
"Services General Administration & Information Department, Punjab",102240273
"SG & AD (Implementation and Co-Ordination), Punjab",102240274
"Superintendent Engineer (Build) Education Department, Punjab",102240275
Technical Training Centres,102240276
Thal Industries Corporations,102240277
Waris Shah Complex,102240278
"Water & Sanitation Authority, Punjab",102240279
"Zakat and Ushr Department, Punjab",102240280
"Finance Department, Punjab",102240385
Advisory Committee Ministry of Women development,102240413
"Chied Engineer, Public Health Engineering",102240414
Civil Defense Funds,102240415
Colonies Department,102240416
"Controller, Printing and Stationery",102240417
Cooperatives Department,102240418
Environment Protection Department,102240419
Excise and Taxation Department,102240420
Fountain House,102240421
Information Technology Department,102240422
Pak Maktab Management Board,102240423
Punjab Rural Support Programme,102240424
"Relief Department, Punjab",102240425
"Revenue Department, Punjab",102240426
"Social Welfare Department, Women Development, & Bait-ul-Maal Department",102240427
Transport Department,102240428
Punjab Teachers Foundation,102240429
B.I.S.E. Dera Ghazi Khan,102240430
Administrator Cooperative Development Fund,102240431
Destitute and neglected children welfare,102240432
Multan Institute of Cardiology,102240433
Punjab Development Fund,102240434
Punjab Information Technology Board,102240435
Punjab Libraries Foundation,102240436
Punjab Workers Welfare Fund,102240437
University of Health Sciences,102240438
"Collector Land Acquisition, Punjab",102240439
Parks & Horticulture Authority,102240440
Provincial Transport Authority,102240441
Other Punjab Government Institutes,102240999
"Advocate General's Department, Sindh",102250283
"Agriculture Department, Sindh",102250284
"Agriculture Engineering and Water Management, Sindh",102250285
"Agriculture Extension Department, Sindh",102250286
"Anti-Corruption Department, Sindh",102250287
B.I.S.E - Karachi,102250288
B.I.S.E - Hyderabad,102250289
B.I.S.E - Sukkur,102250290
B.S.E - Karachi,102250291
"Board of Revenue, Sindh",102250292
"Building  Department, Sindh",102250293
"Bureau of Supplies & Prices, Sindh",102250294
"Chief Minister's Secretariat, Sindh",102250295
"Civil Defence Department, Sindh",102250296
"Co-Operatives Department, Sindh",102250297
"Co-Ordination Department, Sindh",102250298
Coastal Development Authority,102250299
"Commissioners/Deputy Commissioners, Sindh",102250300
"Communications and Works Department, Sindh",102250301
"Culture, Tourism, Sports, Youth Affairs, Social Welfare & Women Dev. Depa",102250302
"Directorate of Education Colleges, Sindh",102250303
"Directorate of Education Schools, Sindh",102250304
"Directorate of Technical Education, Sindh",102250305
"Directorate of Youth Affairs and Sports, Sindh",102250306
"Education Department, Sindh",102250307
"Excise Department, Sindh",102250308
"Finance Department, Sindh",102250309
"Fisheries Department, Sindh",102250310
"Food  and Co-operation Department, Sindh",102250311
"Forest Wildlife and Environment Department, Sindh",102250312
"Government Colleges, Sindh",102250313
"Government Schools, Sindh",102250314
"Government Vocational Institutes, Sindh",102250315
"Health Department, Sindh",102250316
"Home Department, Sindh",102250317
"Housing, Town Planning, Katchi Abadies and Environment Department, Sindh",102250318
Hyderabad Development Authority,102250319
"Industries and Commerce Department, Sindh",102250320
"Information Department, Sindh",102250321
"Inspectorate of Mines, Sindh",102250322
"Irrigation and Power Department, Sindh",102250323
Karachi Development Authority,102250324
Karachi Fisheries Harbour Authority,102250325
Karachi Transport Corporation,102250326
Karachi Water & Sewerage Board,102250327
"Labour Appellate Tribunal, Sindh",102250328
"Labour Department, Sindh",102250329
"Land Utilisation Department, Sindh",102250330
Larkana Development Authority,102250331
"Law Department, Sindh",102250332
"Livestock Department, Sindh",102250334
"Local Government Department, Sindh",102250335
Lyari Development Authority,102250336
Malir Development Authority,102250337
"Manpower and Training Department, Sindh",102250338
"Mehran Council of Arts, Sindh",102250339
"Minimum Wages Board, Sindh",102250340
"Minorities Affairs Department, Sindh",102250341
"Official Agencies Department, Sindh",102250342
"Planning and Development Department, Sindh",102250343
"Police Department, Sindh",102250344
"Population  Welfare Department, Sindh",102250345
"Prisons Department, Sindh",102250346
"Provincial Training Board, Sindh",102250347
"Public Health Engineering Department, Sindh",102250348
"Relief Department, Sindh",102250349
"Religious Affairs, Auqaf, Minorities Affairs & Zakat",102250350
"Revenue Department, Sindh",102250351
"Road Research Centre Tandojam, Sindh",102250352
"Rural Development Department, Sindh",102250353
"Science and Technology Department, Sindh",102250354
"Sehwan Development Authority, Sindh",102250355
"Services & General Administration Department, Sindh",102250356
Sindh Agricultural Live Stock Department,102250357
Sindh Agricultural Supplies Organization,102250358
Sindh Board of Technical Education,102250359
Sindh Employees Social Security Institute,102250360
"Sindh Public Service Commission, Hyderabad",102250361
Sindh Road Transport Board,102250362
Sindh Seed Corporation,102250363
Sindh Service Tribunal,102250364
Sindh Small Industries Corporation,102250365
Sindh Sports Board,102250366
Sindh Sugar Corporation (SSC),102250367
Sindh Text Book Board,102250368
Sindh Tourism Development Corporation,102250369
Sindhi Adabi Board,102250370
"Sindhi Language Authority, Hyderabad",102250371
"Solicitor?s Department, Sindh",102250372
"Taxation Department, Sindh",102250375
"Transport Department, Sindh",102250376
"Wildlife Department, Sindh",102250377
"Zakat & Social Welfare Department, Sindh",102250386
Mines and Mineral Development,102250431
Sindh Information Department,102250432
Sindh Institute of Urology & Transplantation,102250433
Social Action Programme,102250434
Sindh Social Relief Fund,102250435
Sindh Industrial Trade Estate (S.I.T.E.),102250436
Other Sind Government Institutes,102250999
Home & Prisons Department,102260001
"Services and General Administration, Information and Cabinet Department",102260002
Law and Prosecution Department,102260003
Finance Department,102260004
"Revenue, Usher and Zakat, Excise and Taxation and Cooperative Department",102260005
"Food and Agriculture, Fisheries and Animal Husbandry Department",102260006
"Forest, Wildlife and Environment Department",102260007
"Education, Social Welfare and Women Development",102260008
Health and Population Welfare Department,102260009
Works Department,102260010
"Local Government, Rural Development and Census Department",102260011
Water and Power Department,102260012
"Tourism, Sports, Culture and Youth Department",102260013
"Mineral Development, Industries, Commerce & Labour Department",102260014
Planning and Development Department,102260015
"Local Government, Azad Kashmir",103211404
"Municipal Corporations/Committees/Town Committees, Balochistan",103221075
"Union Councils /Districts Councils, Balochistan",103221076
"Municipal Corporations/Committees/Town Commitees, NWFP",103231154
"Union Councils/Districts Councils, NWFP",103231155
"Municipal Corporations/Committees/Town Commitees, Punjab",103241281
"Union Councils/District Councils, Punjab",103241282
"Municipal Corporations/Committees/Town Committees, Sindh",103251380
"Union Councils/District Councils, Sindh",103251381
