Institution,Code
Other Depository,300410999
Balochistan Provincial Co-Operative Bank,300411001
Karakuram Cooperative Bank Ltd. (Northern Areas Provincial Co-operative Bank),300411003
Sindh Provincial Co-Operative Bank,300411004
Azad Kashmir Government Co-Operative Bank,300411124
Bankers Equity Ltd.,300412005
Investment Corporation Of Pakistan,300412006
National Development Finance Corporation,300412007
National Investment Trust,300412008
Pak-Kuwait Investment Company,300412009
Pakistan Industrial Credit And Investment Corporation,300412010
Regional Development Finance Corporation,300412011
Pak-China Investment Company Limited,300412012
Pak-Iran Joint Investment Company Limited,300412013
Pak-Brunei Investment Company Limited,300412014
Unit Trust Of Pakistan,300412225
TMT Ventures Limited,300412226
First Micro Finance Bank,300413128
Khushhali bank,300413129
Rozgar Bank Ltd,300413227
Kashf Micro finance Bank,300413229
Network Microfinance Bank,300413230
Pak Oman Mircofinance Bank,300413231
Tameer Microfinance Bank,300413232
Waseela Microfinance Bank Ltd,300413233
Advans Pakistan Microfinance Bank,300413234
Asset Investment Bank Ltd.,300415015
Atlas Investment Bank Ltd.,300415016
Escorts Investment Bank Ltd.,300415019
First International Investment Bank Ltd.,300415021
Orix Investment Bank Pakistan Ltd.,300415025
Security Investment Bank Ltd.,300415027
Pak Oman Investment Company (Pvt) Ltd,300415131
Crescent Standard Investment Bank Ltd.,300415191
First Dawood Investment Bank,300415192
First Credit & Investment Bank,300415193
IGI Investment Bank Ltd.,300415194
Innoviative Investment Bank Ltd.,300415195
Invest Capital Investment Banks Ltd,300415196
Other Non Depository,300420999
Equity Participation Fund,300422029
House Building Finance Corporation,300422030
Pak-Libya Holding Company,300422031
Saudi Pak Ind. & Agri. Investment Corporation,300422032
Small Business Finance Corporation,300422033
Citibank Housing Finance Company Ltd.,300423034
First Credit & Discount Corp.(Pvt.)Ltd.,300423035
Prudential Discount & Guarantee House Ltd.,300423037
Asian Housing Finance,300423038
Speed Way Fondmetall(Pak) Limited,300423127
International Housing Finance Ltd.,300424038
Asian Leasing Corporation Ltd.,300426040
Askari Leasing Company Ltd.,300426041
Atlas Lease Ltd.,300426042
Capital Assets Leasing Corp.Ltd.,300426043
Crescent Leasing Corporation Ltd.,300426044
English Leasing Ltd.,300426047
Grays Leasing Ltd.,300426050
National Assets Leasing Corp.Ltd.,300426056
Natover Lease & RefinanceLtd.,300426058
Network Leasing Corporation Ltd.,300426059
Orix Leasing Pakistan Ltd.,300426060
Pak Gulf Leasing Company Ltd.,300426063
Pakistan Industrial & Commercial Leasing,300426064
Saudi Pak Leasing Co.Ltd.,300426067
Security Leasing Corporation Ltd.,300426068
Sigma Leasing Corporation Ltd.,300426069
Trust Leasing & Investment bank,300426070
Union Leasing Ltd.,300426071
Universal Leasing Corporation Ltd.,300426072
SME Leasing Ltd.,300426224
Standard Charatered Leasing Ltd.,300426225
NBP Leasing Ltd.,300426226
Al-Zamin Leasing Modaraba,300427073
B.F.Modaraba,300427074
BRR International Modaraba,300427075
Financial Link Modaraba,300427076
First Allied Bank Modaraba,300427077
Alnoor Modaraba 1st,300427078
First Constellation Modaraba,300427080
First Elite Capital Modaraba,300427085
First Equity Modaraba,300427086
First Fidelity Leasing Modaraba,300427087
Standard Chartered Modaraba,300427089
First Habib Bank Modaraba,300427090
First Habib Modaraba,300427091
First I.B.L.Modaraba,300427093
First Imrooz Modaraba,300427095
First Islamic Modaraba,300427097
First Mehran Modaraba,300427098
First National Bank Modaraba,300427099
First Pak Modaraba,300427100
First Paramount Modarba,300427101
First Prudential Modaraba,300427105
First Punjab Modaraba,300427106
First Tri-Star Modaraba,300427108
First UDL Modaraba,300427109
Guardian Modaraba,300427110
Modaraba Al-Mali,300427113
Modaraba Al-Tijarah,300427114
Second Tri-Star Modaraba,300427117
Trust Modaraba,300427119
Unicap Modaraba,300427120
Fayzan Manufacturing Modaraba,300427125
First Investec Modaraba,300427222
NBP Capital Limited,300427223
Crescent Standard Modaraba,300427225
"AMZ Ventures Limited,",300428124
Mutual Fund & Asset Management Companies *,300429000
TRG Pakistan Limited,300429218
Postal Life Insurance,300511132
State Life Insurance Corporation Ltd.,300511133
National Insurance Corporation,300512134
Pakistan Reinsurance Company Ltd.,300512135
Amercian Life Insurance Company Ltd.,300521136
E.F.U.Life Insurance Company Ltd.,300521138
Metropoliton Life Assurance Company Ltd.,300521139
Adamjee Insurance Company Ltd.,300522140
Agro General Insurance Company Ltd.,300522141
Allianz Efu Health Insurance Company Ltd.,300522142
Alpha Insurance Company Ltd.,300522143
Asia Insurance Company Ltd.,300522144
Asian Mutual Insurance Company Ltd.,300522145
Askari General Insurance Company Ltd.,300522146
Beema Insurance Company Ltd.,300522147
Business & Industrial Insurance Company Ltd.,300522148
Capital Insurance Company Ltd.,300522149
Central Insurance Company Ltd.,300522150
Century Insurance Company Ltd.,300522151
Co-Operative Insurance Society Of Pakistan Ltd,300522152
Credit Insurance Company Ltd.,300522153
Crescent Star Insurance Company Ltd.,300522154
Dadabhoy Insurance Company Ltd.,300522155
Delta Insurance Company Ltd.,300522156
E.F.U.General Insurance Company Ltd.,300522157
East West Insurance Company Ltd.,300522158
Excel Insurance Company Ltd.,300522159
Gulf Insurance Company Ltd.,300522160
Habib Insurance Company Ltd.,300522161
International General Insurance Co. Of Pakista,300522163
New Jubilee Insurance Comapny Ltd.,300522168
North Star Insurance Company Ltd.,300522169
Pakistan General Insurance Company Ltd.,300522171
Pakistan Guarantee Insurance Company Ltd.,300522172
Pakistan Mutual Insurance Company Ltd.,300522173
Premier Insurance Company Ltd.,300522175
Prime Insurance Company Ltd.,300522176
Raja Insurance Company Ltd.,300522177
Reliance Insurance Company Ltd.,300522178
Seafield Insurance Company Ltd.,300522179
Security  General Insurance Company Ltd.,300522180
Shaheen Insurance Company Ltd.,300522181
Sliver Star Insurance Company Ltd.,300522182
Union Insurance Company Of Pakistan Ltd.,300522183
United Insurance Company Of Pakistan Ltd.,300522184
Universal Insurance Company Ltd.,300522185
Ace Insurance Aid Pacific Ltd.,300532186
New Hampshire Insurance Company Ltd.,300532188
New Zealand Insurance Company Ltd.,300532189
Royal & Sun Alliance Assurance Plc.,300532190
Continental Insurance Company Ltd,300532191
Pak Kuwait Takaful Company Ltd,300532192
New Jubilee  Life Insurance Company Ltd.,300532193
Atlas Insurance Company Ltd.,300532194
Pak Equity Insurance Company Ltd.,300532195
Trakker Direct Insurance Company Ltd.,300532196
PICIC Insurance Ltd.,300532197
Saudi Pak Insurance Company Ltd,300532198
Progressive Insurance Company Ltd.,300532199
Platinim Insurance Company Ltd.,300532200
UBL Insurance Ltd.,300532201
Pak Qatar Family Takaful Ltd.,300532202
Pak Qatar General Takaful Ltd.,300532203
Takaful Pakistan Ltd.,300532204
Others,300532999
Al-Sahara Xchange Company (Pvt) Ltd.,300610001
H&H Exchange Co. (Pvt) Ltd.,300610003
Khanani & Kalia International(Pvt) Ltd.,300610004
NBP Exchange Company Ltd.,300610005
Glaxy Exchange Company (Pvt) Ltd.,300610006
Dollar East Exchange Co. (Pvt) Ltd.,300610007
Zarco Exchange Company (Pvt) Ltd.,300610009
Wall Street Exchange Company (Pvt) Ltd.,300610010
Noble Exchange International (Pvt) Ltd,300610011
Malik Exchange (Pvt) Ltd.,300610012
Riaz Exchange Company (Pvt) Ltd.,300610013
Al-Hameed Int. Money Exchange (Pvt) Ltd.,300610014
PICIC Exchange Company (Pvt) Ltd.,300610015
Pakistan Currency Exchange Co.(Pvt) Ltd.,300610016
Paracha International Exchange (Pvt) Ltd.,300610017
Fair-Deal Exchange Company (Pvt) Ltd.,300610018
Al-Rahim Exchange Company (Pvt) Ltd.,300610019
P.B.S. Exchange Company (Pvt) Ltd.,300610020
A.A Exchange Company (Pvt) Ltd,300610021
Money Masters Currency Exchange Company,300620022
Sky Exchange Company-B (Pvt) Ltd.,300620023
World Wide Exchange Company-B (Pvt) Ltd.,300620024
Rajgan Exchange Company-B (Pvt) Ltd.,300620026
Great Union Exchange Company-B (Pvt) Ltd,300620027
United Exchange Company-B (Pvt) Ltd.,300620028
Premier Exchange Company-B (Pvt) Ltd.,300620029
Union Exchange Company-B (Pvt) Ltd.,300620030
Muhammadi Exchange Company-B (Pvt) Ltd.,300620032
Chase Exchange Comnpany-B (Pvt) Ltd.,300620033
Swiss International Exchange Company-B,300620034
East West Exchange Company-B (Pvt) Ltd.,300620035
Madina Exchange Company-B (Pvt) Ltd.,300620037
Mega Currency Exchange Company-B (Pvt) L,300620038
Time Exchange Company-B (Pvt) Ltd.,300620039
Usman International Exchange Company-B,300620040
World Exchange Company-B (Pvt) Ltd.,300620041
Islamabad Exchange Company-B (Pvt) Ltd.,300620042
Universal Exchange Company-B (Pvt) Ltd.,300620043
Mars Exchange Company-B (Pvt) Ltd.,300620044
World Express Exchange Company-B (Pvt),300620045
Chanda Exchange Company-B (Pvt) Ltd.,300620046
Karwan Exchange Company-B (Pvt) Ltd.,300620047
Best Way Exchange Company-B (Pvt) Ltd.,300620049
Al-Pine International Exchange Company-B,300620050
International Exchange Company-B (Pvt),300620051
Orient Exchange Company-B (Pvt) Ltd.,300620052
Capital Exchange Company-B (Pvt) Ltd.,300620053
"Habib Currency Exchange A (Pvt) Ltd.,",300620055
"Royal International Exchange Company  A (Pvt) Ltd.,",300620056
Al-Quaim Exchange Company Ltd.,300620057
Habib Qatar International Exchange (Pvt) Ltd,300620058
SIBL Exchange Ltd.,300620059
Aftab Exchange Company Ltd.,300620061
Gohar Exchange Company Ltd.,300620062
Ravi Exchange Company Ltd.,300620063
D.D EXCHANGE COMPANY PVT LTD,300620064
"H & H Exchange Company (Pvt.) Ltd.,",300620065
HBL Exchange Currency ( Pvt) Ltd,300620066
"Money Link Exchange (Pvt) Ltd.,",300620067
"PBS Exchange Company (Pvt.) Ltd.,",300620068
"Link international  Exchange Company (Pvt.) Ltd.,",300620069
SADIQ Exchange Company (Pvt.) Ltd,300620070
ZQ Exchange,300620071
Khaleej Exchange Company-B,300620072
Captal Exchange Company -B (Pvt) Ltd.,300620073
Others - Exchange Companies,300620999
Central Depository Company of Pakistan Limited,300710001
"Islamabad Stock Exchange,",300710002
"Karachi Stock Exchange,",300710003
"Lahore Stock Exchange,",300710004
AMZ Securities (Private) Limited,300810001
BMA Capital Management Limited,300810002
Continental Capital Management (Pvt) Ltd,300810003
Elixir Securities Pakistan (Private) Limited,300810004
Finex Securities Limited,300810005
Global Securities Pakistan Limited,300810006
Invest Capital & Securities (Pvt) Ltd,300810007
Jahangir Siddiqui Capital Markets (Pvt.) Ltd.,300810008
,
,
"* Due to volatile nature of mutual funds, we are using only one code (300429000) to capture their data ",
