Institution,Code
Agricultural Marketing & Storage Ltd.,200300001
Associated Press of Pakistan,200300002
Capital Development Authority,200300004
Civil Aviation Authority,200300007
Export Processing Zones Authority,200300010
Federal Administration Tribal Areas Development Corporation-FAT,200300011
Ghee Corporation of Pakistan,200300025
Karachi Port Trust,200300034
Karachi Shipyard & Engineering Works Ltd.,200300035
Korangi Fisheries Harbour Authority,200300036
Lakhra Coal Development Company Ltd.,200300037
National Book Foundation,200300038
National Construction Ltd.,200300039
National Film Development Corporation Ltd.,200300040
National Housing Authority,200300041
National Logistic Cell,200300042
National Police Foundation (NPF),200300043
National Power Construction Corporation,200300044
National Radio Telecommunication Corporation,200300045
National Telecommunication Corporation,200300046
NFC-Fertilizer Research & Dev. Institute,200300048
NFC-Hazara Phosphate Fertilizers (Pvt)  Ltd.,200300049
NFC-Institute of Engineering & Fertilizer Research,200300050
NFC-Lyallpur Chemical & Fertilizers Ltd.,200300051
National Fertilizer Corporation of Pakistan Ltd.(NFC),200300052
National Fertilizer Marketing,200300053
NFC-Technical Training Centre,200300057
Northern Areas Transport Corporation Ltd.,200300058
NPF-National Pharmacy & Laboratories,200300059
NPF-Nowshera Sheet Glass Ind. Ltd.,200300060
Oil & Gas Development Corporation Ltd.(OGDCL),200300061
OGDCL-Pirkoh Gas Co. Ltd.,200300062
Overseas Employment Corporation Ltd.,200300064
Overseas Pakistani Foundation (OPF),200300065
Pakistan Automobile Corporation Ltd.,200300068
PACO-Republic Motors (Pvt) Ltd.,200300070
PACO-Sind Engineering (Pvt) Ltd.Ltd.,200300071
Pak Arab Refinery Ltd.,200300073
Pakistan Agriculture Storage & Services Corporation Ltd.,200300074
Pakistan Broadcasting Corporation,200300075
Pakistan Environment Planning & Research Council,200300076
Pakistan Mineral Dev. Corp.Ltd. (PMDC),200300077
Pakistan National Shipping Corp.,200300078
Pakistan Petroleum Ltd.,200300080
Pakistan Post Office Department,200300081
Pakistan Railway Advisory  & Consulatancy Services Ltd.,200300082
Pakistan Railways,200300083
Pakistan Security Printing Corporation (Pvt) Ltd.,200300084
Pakistan State Oil Company Ltd. (PSO),200300085
Pakistan Steel Fabricating Company Limited,200300086
Pakistan Steel Mills Corp. Ltd.(PSM),200300087
Pakistan Telecomunication Authority(PTA),200300090
Pakistan Television Corporation Ltd.,200300091
Pakistan Trade Fair Corporation,200300092
Peoples Steel Mills Ltd.,200300093
SEC-ENAR Petrotech Services,200300094
PERAC-State Petroleum Refining & Petrocarbon Corporation Ltd.,200300099
Pakistan International Airlines Corporation Ltd.(PIA),200300101
Pakistan Industrial Development Corporation (PIDC) Ltd.,200300114
Port Qasim Authority,200300122
Printing Corporation of Pakistan Ltd.,200300123
Private Sector Energy Development Fund,200300124
Pakistan Tourism Development Corporation Ltd.(PTDC),200300130
Railway Constructions Pakistan Ltd.,200300132
Resources & Engineering Management Corporation Ltd.,200300135
Saindak Development Corporations,200300137
SEC-Federal Light Engineering Corporation Pvt. Ltd.,200300142
SEC-Heavy Electrical Complex (Pvt) Ltd.,200300143
SEC-Heavy Foundary & Forge,200300144
SEC-Heavy Mechanical Complex Ltd.,200300145
SEC-Pakistan Engineering Company Ltd.,200300146
SEC-Pakistan Machine Tool Factory (Pvt) Ltd.,200300147
SEC-Spinning Machinery Co. of Pakistan Ltd.,200300148
Security Papers Ltd.,200300149
Shalimar Recording & Broadcasting Company Ltd.,200300150
State Engineering Corporation (Pvt) Ltd. (SEC),200300153
Sui Northern Gas Pipelines Ltd.,200300154
Sui Southern Gas Company Ltd.,200300155
Telephone Industries of Pakistan  Ltd.,200300156
Trading Corporation of Pakistan Ltd.,200300157
Utility Stores Corporation of Pakistan Ltd.,200300159
Wah Industries Ltd. (WIL),200300160
Water & Power Development Authority (WAPDA),200300161
WIL International Dyes & Chemicals (Pvt) Ltd.,200300162
WIL International Detonators,200300163
WIL Wah Noble Chemicals Ltd.,200300164
WIL Wah Noble Balochistan Explosive,200300165
WIL Wah Noble Limited,200300166
National Engineering Services Pakistan (Pvt) Ltd.,200300167
"Air Weapon Complex, Wah Ordinance Factory",200300171
Corporate and Industrial Restructuring Corporation,200300173
Government Holdings (Pvt.) Ltd.,200300175
Oil & Gas Regulatory Authority(OGRA),200300178
Pakistan Electronic Media Regulatory Authority (PEMRA),200300179
Pakistan Net Limited,200300182
"PTDC-PTDC Motels (Pvt.) Ltd (Malam Jabba, naran resorts etc are",200300184
STEDEC Technology Commercialization Corporation of Pakistan (Pr,200300185
Small & Medium Enterprises Development Authority (SMEDA),200300186
Lahore Electric Supply Company (LESCO ),200300187
Gujranwala Electric Power Company - (GEPCO),200300188
Faisalabad Electric Supply Company -(FESCO),200300189
Islamabad Electric Supply Company - (LESCO),200300190
Multan Electric Power Company - (MEPCO),200300191
Peshawar Electric Power Company - (PESCO),200300192
Hyderabad Electric Supply Company - (HESCO),200300193
Quetta Electric Supply Company  (QESCP),200300194
Tribal Electric Supply Company - (TESCO),200300195
Southern Generation Power Company Limited - Jamshoro,200300196
Central Power Generation Company Limited - Guddu,200300197
Northern Power Generation Company Limited - Muzzaffargrah,200300198
Lakhra Power Generation Company Limited,200300199
National Transmission And Desptach Company (NTDC),200300200
Power Holding (Pvt) Limited,200300201
Karachi Dock Labour Board (KDLB),200300202
Pakistan Textile City,200300203
Quaid E Azam Solar Power Pvt Ltd,200300204
Quaid-e-Azam Thermal Power Private Limited,200300205
Other NFPSEs,200300999
